<mvc:View xmlns:core="sap.ui.core" xmlns:mvc="sap.ui.core.mvc" xmlns:f="sap.ui.layout.form" xmlns:m="sap.m" xmlns="sap.ui.table"
	xmlns:layout="sap.ui.layout" xmlns:uxap="sap.uxap" controllerName="zqmen.zqm_encapsulation.controller.ItemBlock1"
	xmlns:barcode="zqmen.zqm_encapsulation.control">
	<m:VBox class="sapUiSmallMargin">
		<m:Table id="apprsteps" items="{oMain>/oGradRslts}" mode="MultiSelect" fixedLayout="false" alternateRowColors="true">
			<m:headerToolbar>
				<m:OverflowToolbar id="otbSubheader">
					<!--<m:Title id="t1" text="Grading Results" level="H2"/>-->
					<m:ToolbarSpacer id="ts1"/>
					<m:Button id="svestrgloc" text="Storage Service" press="onSavestrglc" type="Emphasized"/>
					<m:Button id="sve" text="Ship Out" press="onSave" type="Emphasized"/>
				</m:OverflowToolbar>
			</m:headerToolbar>
			<m:columns >
				<m:Column id="clCG" width="6em">
					<m:Text id="txGC" text="Material"/>
				</m:Column>
				<m:Column id="clBCCN" width="6em">
					<!--<m:Text id="txBCCN" text="Coin Number"/>-->
					<m:Text id="txBCCN" text="Certification ID"/>
				</m:Column>
				<m:Column id="clFG">
					<!--<m:Text id="tFG" text="Collectible ID"/>-->
					<m:Text id="tFG" text="Coin Number"/>
				</m:Column>
				<m:Column id="clCGMM">
					<m:Text id="txGCMM" text="Mint Mark"/>
				</m:Column>
				<m:Column id="clmydc">
					<m:Text id="tmydc" text="Year"/>
				</m:Column>
				<m:Column id="clclid">
					<m:Text id="tclid" text="Denomination"/>
				</m:Column>
				<m:Column id="clclidcore">
					<m:Text id="tclidcore" text="Core Type"/>
				</m:Column>
				<m:Column id="clclidlabel">
					<m:Text id="tclidlabel" text="Label Type"/>
				</m:Column>
				<m:Column id="clclidholder">
					<m:Text id="tclidholder" text="Holder Type"/>
				</m:Column>
				<m:Column id="clcgrd">
					<m:Text id="tclcgrd" text="Grade"/>
				</m:Column>
				<m:Column id="clFc">
					<!--<m:Text id="tFC" text="Function"/>-->
					<m:Text id="tFC" text="Status"/>
				</m:Column>
			</m:columns>
			<m:items>
				<m:ColumnListItem id="cli11">
					<m:cells>
						<m:Image id="cl1d7CG" src="{oMain>/oImageURL}" width="7em"/>
						<barcode:JsBarcodeUI5 value="{oMain>Serialnumber}" fontSize="10" width="1" height="50"/>
						<m:Text id="clfg" text="{oMain>CollectibleID}"/>
						<m:Text id="cl1d7SN" text="{oMain>MintMark}"/>
						<m:Text id="cl1d7CN" text="{oMain>SubmissionYear}"/>
						<m:Text id="clfgsd" text="{oMain>SubmissionDenom}"/>
						<m:Text id="clfgsdcore" text="{oMain>SubmissionCoreName}"/>
						<m:Text id="clfgsdlabel" text="{oMain>SubmissionLabelName}"/>
						<m:Text id="clfgsdholder" text="{oMain>MaterialName}"/>
						<m:Text id="clfggs" text="{oMain>GCointStrike}"/>
						<m:Text id="clgrded" text="Graded"/>
					</m:cells>
				</m:ColumnListItem>
			</m:items>
		</m:Table>
		<!--UI table-->
		<!--<Table id="encapfinal" rows="{oMain>/oGradRslts}" selectionMode="MultiToggle">-->
		<!--	<extension>-->
		<!--		<m:OverflowToolbar id="otbSubheader">-->
		<!--			<m:ToolbarSpacer id="ts1"/>-->
		<!--			<m:Button id="svestrgloc" text="Strg. loc." press="onSavestrglc" type="Emphasized" visible="{oHead>/visFld}"/>-->
		<!--			<m:Button id="sve" text="Confirm/Issue Holder" press="onSave" type="Emphasized" visible="{oHead>/visFld}"/>-->
		<!--		</m:OverflowToolbar>-->
		<!--	</extension>-->
		<!--	<columns id="clmns">-->
		<!--		<Column id="imgedtcl1" width="7em">-->
		<!--			<m:Text id="imgedttx1" text="Material"/>-->
		<!--			<template>-->
		<!--				<m:Image src="{oMain>oImageURL}" width="6em" decorative="false" press="handleImage3Press"/>-->
		<!--			</template>-->
		<!--		</Column>-->
		<!--		<Column id="edtcl1" width="10em">-->
		<!--			<m:Text id="edttx1" text="Coin Number"/>-->
		<!--			<template>-->
		<!--				<barcode:JsBarcodeUI5 value="{oMain>Serialnumber}" fontSize="10" width="1" height="50"/>-->
		<!--			</template>-->
		<!--		</Column>-->
		<!--		<Column id="edtclCS" width="7em" filterProperty="GCointStrike">-->
		<!--			<m:Text id="edttxCS1" text="Coin Strike"/>-->
		<!--			<template>-->
		<!--				<m:Text text="{oMain>Serialnumber}"/>-->
		<!--			</template>-->
		<!--		</Column>-->
		<!--		<Column id="edtcltble" width="7em">-->
		<!--			<m:Text id="edttxcltble" text="Collectible ID"/>-->
		<!--			<template>-->
		<!--				<m:Text text="{oMain>Confirmation}"/>-->
		<!--			</template>-->
		<!--		</Column>-->
		<!--		<Column id="edtcltfnlgrd" width="7em">-->
		<!--			<m:Text id="edttfnlgrd" text="Final Grade"/>-->
		<!--			<template>-->
		<!--				<m:Text text="{oMain>}"/>-->
		<!--			</template>-->
		<!--		</Column>-->
		<!--		<Column id="edtcltfntc" width="7em">-->
		<!--			<m:Text id="edttfntc" text="Function"/>-->
		<!--			<template>-->
		<!--				<m:Text text="Graded"/>-->
		<!--			</template>-->
		<!--		</Column>-->
		<!--	</columns>-->
		<!--</Table>-->
		<!--M.table-->
	</m:VBox>
</mvc:View>