<mvc:View controllerName="zcv.zcoin_final_grading.controller.ItemBlock2" xmlns:core="sap.ui.core" xmlns:mvc="sap.ui.core.mvc"
	xmlns:semantic="sap.m.semantic" xmlns:f="sap.ui.layout.form" xmlns="sap.m" xmlns:l="sap.ui.layout" width="100%">
	<Page showHeader="false" enableScrolling="false" class="sapUiContentPadding">
		<content>
			<!--<VBox class="sapUiSmallMargin">-->
			<!--<f:SimpleForm id="SimpleFormChange354" editable="true" layout="ResponsiveLayout" title="Grading Results" labelSpanXL="4" labelSpanL="4"-->
			<!--	labelSpanM="12" labelSpanS="12" adjustLabelSpan="false" emptySpanXL="0" emptySpanL="0" emptySpanM="0" emptySpanS="0" columnsXL="4"-->
			<!--	columnsL="3" columnsM="2" singleContainerFullSize="false" >-->
			<!--<f:toolbar>-->
			<!--	<Toolbar >-->
			<!--		<Title text="Grading Results"/>-->
			<!--		<ToolbarSpacer/>-->
			<!--<Button text="Save" press="onSave"/>-->
			<!--<Button text="Create"/>-->
			<!--<Button text="Edit"/>-->
			<!--<Button text="Delete"/>-->
			<!--	</Toolbar>-->
			<!--</f:toolbar>-->
			<!--<f:content>-->
			<!--<semantic:FullscreenPage class="sapUiFioriObjectPage" enableScrolling="true" id="page" navButtonPress="onBack" showNavButton="false">-->
			<!--	<semantic:customHeaderContent></semantic:customHeaderContent>-->
			<!--	<semantic:content>-->
			<!--<l:Grid id="lgrd1" class="sapUiSmallMarginTop" defaultSpan="L12 M12 S12" width="auto">-->
			<!--	<l:content>-->
			<!--		<Panel id="panl1" class="sapUiResponsiveMargin sapUiNoContentPadding" width="auto">-->
			<!--			<Panel class="sapUiNoContentPadding" id="ApprSteps">-->
			<!--				<content>-->
			<Table id="apprsteps" items="{ path: 'oMainModel>/oGradRslts', sorter: { path: 'inspectionLotNumber' } }" mode="None" fixedLayout="false"
				alternateRowColors="true">
				<headerToolbar>
					<OverflowToolbar id="otbSubheader">
						<Title id="t1" text="Grading Results" level="H2"/>
						<ToolbarSpacer id="ts1"/>
						<!--<Button id="editButton" text="Create" type="Transparent" press="onCreate"/>-->
						<!--<Button id="saveButton" text="Save" type="Transparent" press="onSave" visible="false"/>-->
						<!--<Button id="cancelButton" text="Cancel" type="Transparent" press="onCancel" visible="false"/>-->
					</OverflowToolbar>
				</headerToolbar>
				<columns>
					<!--<Column id="edtcl2" styleClass="{clone>styleClass}" width="12em">-->
					<!--	<Text id="edttx2" text="Grader Result"/>-->
					<!--</Column>-->
					<!--<Column id="cl2" styleClass="{clone>styleClass}" width="12em">-->
					<!--	<Text id="tx2" text="Inspection Type"/>-->
					<!--</Column>-->
					<!--<Column id="cl3" width="12em">-->
					<!--	<Text id="tx3" text="User Date"/>-->
					<!--</Column>-->
					<!--<Column id="cl4" width="12em">-->
					<!--	<Text id="tx4" text="User Time"/>-->
					<!--</Column>-->
					<Column id="clCG" width="12em">
						<Text id="txGC" text="Grade"/>
					</Column>
					<Column id="cl5PG" width="12em">
						<Text id="tx5PG" text="+"/>
					</Column>
					<Column id="cl5SG" width="12em">
						<Text id="tx5SG" text="Star"/>
					</Column>
					<Column id="cl8Strk" width="12em">
						<Text id="tx8Strk" text="Strike"/>
					</Column>
					<Column id="cl8NCSG" width="12em">
						<Text id="tx8NCSG" text="NCS Grade"/>
					</Column>
					<Column id="cl8NoGrd" width="12em">
						<Text id="tx8NoGrd" text="No Grade"/>
					</Column>
					<Column id="cl5id" width="12em">
						<Text id="tx5Id" text="ID"/>
					</Column>
					<Column id="cl6uDt" width="12em">
						<Text id="tx6Dt" text="Date"/>
					</Column>
					<Column id="cl6tym" width="12em">
						<Text id="tx6tym" text="Time"/>
					</Column>
					<Column id="cl14func" width="12em">
						<Text id="tx14func" text="Function"/>
					</Column>
					<Column id="cl7CI" width="12em">
						<Text id="tx7CI" text="Current Inv#"/>
					</Column>
				</columns>
				<items>
					<ColumnListItem id="cli11">
						<cells>
							<Text id="cl1d7CG" text="{oMainModel>GCoinGrade}"/>
							<Text id="cl1d7PG" text="{oMainModel>GPlusGradeCoin}"/>
							<Text id="cl1d7SG" text="{oMainModel>GStarGradeCoin}"/>
							<Text id="cl1d9" text="{oMainModel>GCointStrike}"/>
							<Text id="cl1d10" text=""/>
							<Text id="cl1d11" text="{oMainModel>GCoinNoGrade}"/>
							<Text id="cl1d13" text="{oMainModel>GUser}"/>
							<Text id="cl1d14" text="{oMainModel>UserDate1}"/>
							<Text id="cl1d15" text="{oMainModel>UserTime1}"/>
							<Text id="cl1d16" text="{oMainModel>gCoinFunction}"/>
							<Text id="cl1d17" text="{oMainModel>gCoinInvoice}"/>
						</cells>
					</ColumnListItem>
				</items>
			</Table>
		</content>
	</Page>
	<!--		</Panel>-->
	<!--	</l:content>-->
	<!--</l:Grid>-->
	<!--	</semantic:content>-->
	<!--</semantic:FullscreenPage>-->
	<!--<Label text="Year"/>-->
	<!--<Input id="i1vyear" value="{item2>VYear}"/>-->
	<!--<Label text="Mint Mark"/>-->
	<!--<Input id="i1vmintmark" value="{item2>VMintMark}"/>-->
	<!--<Label text="Denomination"/>-->
	<!--<Input id="i1vdenomination" value="{item2>VDenomination}"/>-->
	<!--<Label text="Denomination Currency Type"/>-->
	<!--<Input id="i1vdenominationcurrencytype" value="{item2>VDenominationCurrencyType}"/>-->
	<!--<Label text="Pedigree"/>-->
	<!--<Input id="i1vpedigree" value="{item2>VPedigree}"/>-->
	<!--<Label text="Coin Strike Types"/>-->
	<!--<Input id="i1vcoinstriketypes" value="{item2>VCoinStrikeTypes}"/>-->
	<!--		</f:content>-->
	<!--	</f:SimpleForm>-->
	<!--</VBox>-->
</mvc:View>