<mvc:View controllerName="zcv.zcoin_final_grading.controller.ItemBlock1" xmlns:core="sap.ui.core" xmlns:mvc="sap.ui.core.mvc"
	xmlns:layout="sap.ui.layout" xmlns:f="sap.ui.layout.form" xmlns="sap.m">
	<VBox class="sapUiSmallMargin">
		<f:SimpleForm id="SimpleFormChange354" editable="true" layout="ColumnLayout" title="Verification Characteristics" labelSpanXL="4"
			labelSpanL="4" labelSpanM="12" labelSpanS="12" adjustLabelSpan="false" emptySpanXL="0" emptySpanL="0" emptySpanM="0" emptySpanS="0"
			columnsXL="4" columnsL="3" columnsM="2" singleContainerFullSize="true">
			<f:toolbar>
				<Toolbar >
					<Title titleStyle="H1" wrappingType="Hyphenated" text="{oHead>/Title}"/>
					<ToolbarSpacer/>
					<Button icon="sap-icon://save" type="Emphasized" text="Confirm Grading" press="onSaveItem1" visible="{oHead>/visFld}"/>
					<Button type="Emphasized" text="Variety Check" enabled="true"/>
					<Button type="Emphasized" text="Mint Error" enabled="false"/>
					<Button type="Emphasized" text="To NCS" enabled="true"/>
					<Button type="Emphasized" text="Close" enabled="true"/>
				</Toolbar>
			</f:toolbar>
			<f:content>
				<Label text="Final Grade"/>
				<Input id="i1FGrade" value="{oHead>/GNumGrade}" showValueHelp="true" editable="{oHead>/visFld}" valueHelpRequest="handleF4NGrade"/>
				<Text id="i1TFGrade" text="{oHead>/Text1}"/>
				<Label text="Details Grade"/>
				<Input id="i1CoinGrade" value="{oHead>/GCoinGrade}" showValueHelp="true" editable="false" valueHelpRequest="handleF4CoinGrade"/>
				<Text id="i1TCoinGrade" text="{oHead>/Text3}"/>
				<Label text="Proof Mint"/>
				<!--<Label text="Coin Strike"/>-->
				<Input id="i1CoinStrike" value="{oHead>/VCoinStrikeTypes}" showValueHelp="true" editable="false" valueHelpRequest="handleF4CoinStrike"/>
				<Text id="i1TCoinStrike" text="{oHead>/Text2}"/>
				<Label text="Coin Strike"/>
				<!--<Label text="Strike Characteristics"/>-->
				<Input id="i1CoinStrikeCharacters" value="{oHead>/GCoinStrikeCharacters}" showValueHelp="true" editable="{oHead>/visFld}"
					valueHelpRequest="handleF4CoinStrikeChar"/>
				<Text id="i1TCoinStrikeCharacters" text="{oHead>/Text6}"/>
				<Label text=""/>
				<Text text=""/>
				<Label text="Star Grade Coin"/>
				<CheckBox id="SGC" selected="{oHead>/SGC}" select="onSGCSelect" editable="{oHead>/visFld}"/>
				<Label text="Plus Grade Coin"/>
				<CheckBox id="PGC" selected="{oHead>/PGC}" select="onPGCSelect" editable="{oHead>/visFld}"/>
				<Label text="No Grade"/>
				<Input id="i1PlusNoGrade" value="{oHead>/GCoinNoGrade}" showValueHelp="true" editable="{oHead>/visFld}" valueHelpRequest="handleF4NoGrade"/>
				<Text id="i1TPlusNoGrade" text="{oHead>/Text7}"/>
				<Label text="Pedigree"/>
				<Input id="i1pedigree" value="{oHead>/VPedigree}" editable="{oHead>/visFld}" showValueHelp="true" valueHelpRequest="handleF4PED"/>
				<Input id="tAi1Pedigree" value="{oHead>/pedgreeNotes}" editable="{oHead>/visFld}"/>
				<Label text="Pedigree2"/>
				<Input id="i1Pedigree2" value="{oHead>/VPedigree2}" showValueHelp="true" editable="{oHead>/visFld}" valueHelpRequest="handleF4PED2"/>
				<Input id="tai1Pedigree2" value="{oHead>/pedgree2Notes}" editable="{oHead>/visFld}"/>
				<Label text=""/>
				<Text text=""/>
				<Label text=""/>
				<Text text=""/>
				<Label text=""/>
				<Text text=""/>
				<Label text=""/>
				<Text text=""/>
				<Label text=""/>
				<Text text=""/>
			</f:content>
		</f:SimpleForm>
		<Label text="Grader Notes" labelFor="iptextAreaWithoutBinding"/>
		<layout:HorizontalLayout class="sapUiContentPadding equalColumns">
			<layout:content>
				<TextArea id="iptextAreaWithoutBinding" width="100%" value="{oHead>/GText}" showExceededText="true" liveChange="handleLiveChange"
					editable="{oHead>/visFld}" valueLiveUpdate="true" cols="60" rows="1"/>
				<TextArea width="100%" id="textAreaWithoutBinding" value="{oHead>/GradNotes}" editable="false" showExceededText="true"
					liveChange="handleLiveChange" valueLiveUpdate="true" cols="80" rows="4"/>
			</layout:content>
		</layout:HorizontalLayout>
	</VBox>
	<!--<HeaderContainer id="container2" orientation="Vertical">-->
	<!--	<Label text="Grade Notes"/>-->
	<!--	<f:SimpleForm id="SimpleFormChange35" editable="true" layout="ResponsiveGridLayout" labelSpanXL="3" labelSpanL="3" labelSpanM="3"-->
	<!--		labelSpanS="12" adjustLabelSpan="false" emptySpanXL="4" emptySpanL="4" emptySpanM="4" emptySpanS="0" columnsXL="1" columnsL="1" columnsM="1"-->
	<!--		singleContainerFullSize="false">-->
	<!--<layout:HorizontalLayout>-->
	<!--		<TextArea value="{oHead>/GText}" showExceededText="true" liveChange="handleLiveChange" valueLiveUpdate="true" cols="40" rows="1"/>-->
	<!--		<TextArea id="textAreaWithoutBinding" value="{oHead>/GradNotes}" editable="false" showExceededText="true" liveChange="handleLiveChange"-->
	<!--			valueLiveUpdate="true" cols="70" rows="4"/>-->
	<!--	</f:SimpleForm>-->
	<!--</layout:HorizontalLayout>-->
	<!--</HeaderContainer>-->
	<!--<layout:HorizontalLayout>-->
	<!--	<HeaderContainer id="container2" orientation="Vertical">-->
	<!--		<Label text="Grade Notes"/>-->
	<!--		<TextArea value="{oHead>/GradNotes}" showExceededText="true" liveChange="handleLiveChange" valueLiveUpdate="true" cols="40" rows="1"/>-->
	<!--		<TextArea id="textAreaWithoutBinding" value="{oHead>/GradNotes}" editable="false" showExceededText="true" liveChange="handleLiveChange"-->
	<!--			valueLiveUpdate="true" cols="46" rows="4"/>-->
	<!--	</HeaderContainer>-->
	<!--	<HeaderContainer id="container3" orientation="Vertical">-->
	<!--		<Label text="Pedigree"/>-->
	<!--		<Input id="i1Pedigree" value="{oHead>/GCoinNoGrade}" showValueHelp="true" editable="{oHead>/visFld}" valueHelpRequest="handleF4NoGrade"/>-->
	<!--		<TextArea id="tAi1Pedigree" value="{oHead>/GradNotes}" editable="false" showExceededText="true" liveChange="handleLiveChange"-->
	<!--			valueLiveUpdate="true" cols="43" rows="4"/>-->
	<!--</VBox>-->
	<!--	</HeaderContainer>-->
	<!--	<HeaderContainer id="container4" orientation="Vertical">-->
	<!--		<Label text="Pedigree2"/>-->
	<!--		<Input id="i1Pedigree2" value="{oHead>/GCoinNoGrade}" showValueHelp="true" editable="{oHead>/visFld}" valueHelpRequest="handleF4NoGrade"/>-->
	<!--		<TextArea id="tai1Pedigree2" value="{oHead>/GradNotes}" editable="false" showExceededText="true" liveChange="handleLiveChange"-->
	<!--			valueLiveUpdate="true" cols="40" rows="4"/>-->
	<!--	</HeaderContainer>-->
	<!--</layout:HorizontalLayout>-->
	<!--<VBox class="sapUiSmallMargin">-->
	<!--	<TextArea id="textAreaWithoutBinding" value="{oHead>/GradNotes}" editable="false" showExceededText="true" liveChange="handleLiveChange"-->
	<!--		valueLiveUpdate="true" cols="60" rows="4"/>-->
	<!--</layout:VerticalLayout>-->
	<!--</layout:HorizontalLayout>-->
	<!--</VBox>-->
</mvc:View>