<edmx:Edmx xmlns:edmx="http://schemas.microsoft.com/ado/2007/06/edmx"
	xmlns:m="http://schemas.microsoft.com/ado/2007/08/dataservices/metadata" xmlns:sap="http://www.sap.com/Protocols/SAPData" Version="1.0">
	<edmx:Reference xmlns:edmx="http://docs.oasis-open.org/odata/ns/edmx"
		Uri="./IWFND/CATALOGSERVICE;v=2/Vocabularies(TechnicalName='%2FIWBEP%2FVOC_COMMON',Version='0001',SAP__Origin='S4HANA')/$value"><edmx:Include Namespace="com.sap.vocabularies.Common.v1" Alias="Common"/></edmx:Reference>
	<edmx:Reference xmlns:edmx="http://docs.oasis-open.org/odata/ns/edmx"
		Uri="./IWFND/CATALOGSERVICE;v=2/Vocabularies(TechnicalName='%2FIWBEP%2FVOC_CAPABILITIES',Version='0001',SAP__Origin='S4HANA')/$value"><edmx:Include Namespace="Org.OData.Capabilities.V1" Alias="Capabilities"/></edmx:Reference>
	<edmx:Reference xmlns:edmx="http://docs.oasis-open.org/odata/ns/edmx"
		Uri="./IWFND/CATALOGSERVICE;v=2/Vocabularies(TechnicalName='%2FIWBEP%2FVOC_COMMUNICATION',Version='0001',SAP__Origin='S4HANA')/$value"><edmx:Include Namespace="com.sap.vocabularies.Communication.v1" Alias="Communication"/></edmx:Reference>
	<edmx:Reference xmlns:edmx="http://docs.oasis-open.org/odata/ns/edmx"
		Uri="./IWFND/CATALOGSERVICE;v=2/Vocabularies(TechnicalName='%2FIWBEP%2FVOC_AGGREGATION',Version='0001',SAP__Origin='S4HANA')/$value"><edmx:Include Namespace="Org.OData.Aggregation.V1" Alias="Aggregation"/></edmx:Reference>
	<edmx:Reference xmlns:edmx="http://docs.oasis-open.org/odata/ns/edmx"
		Uri="./IWFND/CATALOGSERVICE;v=2/Vocabularies(TechnicalName='%2FIWBEP%2FVOC_PERSONALDATA',Version='0001',SAP__Origin='S4HANA')/$value"><edmx:Include Namespace="com.sap.vocabularies.PersonalData.v1" Alias="PersonalData"/></edmx:Reference>
	<edmx:DataServices m:DataServiceVersion="2.0">
		<Schema xmlns="http://schemas.microsoft.com/ado/2008/09/edm" Namespace="ZGW_ENCAPSULATION_PROCESS_SRV" xml:lang="en" sap:schema-version="1">
			<EntityType Name="ZCDSV_ENCAPSULATIONType" sap:label="Encapsulation process" sap:content-version="1">
				<Key><PropertyRef Name="SalesDocument"/></Key><Property Name="SalesDocument" Type="Edm.String" Nullable="false" MaxLength="10" sap:display-format="UpperCase" sap:label="Sales document"
					sap:quickinfo="Sales Document"/><Property Name="SalesDocumentItem" Type="Edm.String" MaxLength="6" sap:display-format="NonNegative" sap:label="Sales Document Item"/><Property Name="ServiceOrderno" Type="Edm.String" MaxLength="12" sap:display-format="UpperCase" sap:label="Order"
					sap:quickinfo="Order Number"/><Property Name="ServiceOrderOper" Type="Edm.String" MaxLength="10" sap:display-format="NonNegative" sap:label="Opertn task list no."
					sap:quickinfo="Routing number of operations in the order"/><Property Name="OperListCounter" Type="Edm.String" MaxLength="8" sap:display-format="NonNegative" sap:label="Counter"
					sap:quickinfo="General counter for order"/><Property Name="Confirmation" Type="Edm.String" MaxLength="10" sap:display-format="NonNegative" sap:label="Confirmation"
					sap:quickinfo="Completion confirmation number for the operation"/><Property Name="ActivityType" Type="Edm.String" MaxLength="6" sap:display-format="UpperCase" sap:label="Activity Type"/><Property Name="ServiceOrderReserv" Type="Edm.String" MaxLength="10" sap:display-format="NonNegative" sap:label="Reservation"
					sap:quickinfo="Number of reservation/dependent requirements"/><Property Name="Material" Type="Edm.String" MaxLength="40" sap:display-format="UpperCase" sap:label="Material"
					sap:quickinfo="Material Number"/><Property Name="MaterialName" Type="Edm.String" MaxLength="40" sap:label="Material description"/><Property Name="Plant" Type="Edm.String" MaxLength="4" sap:display-format="UpperCase" sap:label="Plant"/><Property Name="StorageLocation" Type="Edm.String" MaxLength="4" sap:display-format="UpperCase" sap:label="Storage location"/><Property Name="ResQuantity" Type="Edm.Decimal" Precision="13" Scale="3" sap:unit="ResQuanUOM" sap:label="Requirement Quantity"/><Property Name="ResQuanUOM" Type="Edm.String" MaxLength="3" sap:label="Base Unit of Measure" sap:semantics="unit-of-measure"/><Property Name="ObjectID" Type="Edm.String" MaxLength="8" sap:display-format="NonNegative" sap:label="Object ID"
					sap:quickinfo="Object ID of the resource"/><Property Name="WorkCenter" Type="Edm.String" MaxLength="8" sap:display-format="UpperCase" sap:label="Work center"/><Property Name="PlannedTime" Type="Edm.Decimal" Precision="7" Scale="1" sap:unit="PlannedTimeUnit" sap:label="Work"
					sap:quickinfo="Work involved in the activity"/><Property Name="PlannedTimeUnit" Type="Edm.String" MaxLength="3" sap:label="Unit for work" sap:semantics="unit-of-measure"/></EntityType>
			<EntityContainer Name="ZGW_ENCAPSULATION_PROCESS_SRV_Entities" m:IsDefaultEntityContainer="true" sap:message-scope-supported="true"
				sap:supported-formats="atom json xlsx"><EntitySet Name="ZCDSV_ENCAPSULATION" EntityType="ZGW_ENCAPSULATION_PROCESS_SRV.ZCDSV_ENCAPSULATIONType" sap:creatable="false"
				sap:updatable="false" sap:deletable="false" sap:content-version="1"/></EntityContainer>
			<Annotations xmlns="http://docs.oasis-open.org/odata/ns/edm" Target="ZGW_ENCAPSULATION_PROCESS_SRV.ZGW_ENCAPSULATION_PROCESS_SRV_Entities">
				<Annotation Term="Aggregation.ApplySupported">
					<Record>
						<PropertyValue Property="Transformations">
							<Collection>
								<String>aggregate</String>
								<String>groupby</String>
								<String>filter</String>
							</Collection>
						</PropertyValue><PropertyValue Property="Rollup" EnumMember="None"/></Record>
				</Annotation>
			</Annotations><atom:link xmlns:atom="http://www.w3.org/2005/Atom" rel="self" href="./sap/ZGW_ENCAPSULATION_PROCESS_SRV/$metadata"/><atom:link xmlns:atom="http://www.w3.org/2005/Atom" rel="latest-version" href="./sap/ZGW_ENCAPSULATION_PROCESS_SRV/$metadata"/></Schema>
	</edmx:DataServices>
</edmx:Edmx>