<edmx:Edmx xmlns:edmx="http://schemas.microsoft.com/ado/2007/06/edmx"
	xmlns:m="http://schemas.microsoft.com/ado/2007/08/dataservices/metadata" xmlns:sap="http://www.sap.com/Protocols/SAPData" Version="1.0">
	<edmx:Reference xmlns:edmx="http://docs.oasis-open.org/odata/ns/edmx"
		Uri="./IWFND/CATALOGSERVICE;v=2/Vocabularies(TechnicalName='%2FIWBEP%2FVOC_COMMON',Version='0001',SAP__Origin='S4HANA')/$value"><edmx:Include Namespace="com.sap.vocabularies.Common.v1" Alias="Common"/></edmx:Reference>
	<edmx:Reference xmlns:edmx="http://docs.oasis-open.org/odata/ns/edmx"
		Uri="./IWFND/CATALOGSERVICE;v=2/Vocabularies(TechnicalName='%2FIWBEP%2FVOC_CAPABILITIES',Version='0001',SAP__Origin='S4HANA')/$value"><edmx:Include Namespace="Org.OData.Capabilities.V1" Alias="Capabilities"/></edmx:Reference>
	<edmx:Reference xmlns:edmx="http://docs.oasis-open.org/odata/ns/edmx"
		Uri="./IWFND/CATALOGSERVICE;v=2/Vocabularies(TechnicalName='%2FIWBEP%2FVOC_COMMUNICATION',Version='0001',SAP__Origin='S4HANA')/$value"><edmx:Include Namespace="com.sap.vocabularies.Communication.v1" Alias="Communication"/></edmx:Reference>
	<edmx:Reference xmlns:edmx="http://docs.oasis-open.org/odata/ns/edmx"
		Uri="./IWFND/CATALOGSERVICE;v=2/Vocabularies(TechnicalName='%2FIWBEP%2FVOC_AGGREGATION',Version='0001',SAP__Origin='S4HANA')/$value"><edmx:Include Namespace="Org.OData.Aggregation.V1" Alias="Aggregation"/></edmx:Reference>
	<edmx:Reference xmlns:edmx="http://docs.oasis-open.org/odata/ns/edmx"
		Uri="./IWFND/CATALOGSERVICE;v=2/Vocabularies(TechnicalName='%2FIWBEP%2FVOC_PERSONALDATA',Version='0001',SAP__Origin='S4HANA')/$value"><edmx:Include Namespace="com.sap.vocabularies.PersonalData.v1" Alias="PersonalData"/></edmx:Reference>
	<edmx:DataServices m:DataServiceVersion="2.0">
		<Schema xmlns="http://schemas.microsoft.com/ado/2008/09/edm" Namespace="ZGW_VERIFY_PROCESS_SRV" xml:lang="en" sap:schema-version="1">
			<EntityType Name="PartnerAddress" sap:content-version="1">
				<Key><PropertyRef Name="Salesorder"/></Key><Property Name="Salesorder" Type="Edm.String" Nullable="false" MaxLength="10" sap:unicode="false" sap:label="Sales document"
					sap:creatable="false" sap:updatable="false" sap:sortable="false" sap:filterable="false"/><Property Name="Partner" Type="Edm.String" Nullable="false" MaxLength="10" sap:unicode="false" sap:label="Customer" sap:creatable="false"
					sap:updatable="false" sap:sortable="false" sap:filterable="false"/><Property Name="PartnerType" Type="Edm.String" Nullable="false" MaxLength="2" sap:unicode="false" sap:label="Partner Functn"
					sap:creatable="false" sap:updatable="false" sap:sortable="false" sap:filterable="false"/><Property Name="Name" Type="Edm.String" Nullable="false" MaxLength="40" sap:unicode="false" sap:label="Name" sap:creatable="false"
					sap:updatable="false" sap:sortable="false" sap:filterable="false"/><Property Name="City1" Type="Edm.String" Nullable="false" MaxLength="40" sap:unicode="false" sap:label="City" sap:creatable="false"
					sap:updatable="false" sap:sortable="false" sap:filterable="false"/><Property Name="PostCode1" Type="Edm.String" Nullable="false" MaxLength="10" sap:unicode="false" sap:label="Postal Code"
					sap:creatable="false" sap:updatable="false" sap:sortable="false" sap:filterable="false"/><Property Name="Street" Type="Edm.String" Nullable="false" MaxLength="60" sap:unicode="false" sap:label="Street" sap:creatable="false"
					sap:updatable="false" sap:sortable="false" sap:filterable="false"/><Property Name="Region" Type="Edm.String" Nullable="false" MaxLength="3" sap:unicode="false" sap:label="Region" sap:creatable="false"
					sap:updatable="false" sap:sortable="false" sap:filterable="false"/><Property Name="Country" Type="Edm.String" Nullable="false" MaxLength="3" sap:unicode="false" sap:label="Country" sap:creatable="false"
					sap:updatable="false" sap:sortable="false" sap:filterable="false"/><Property Name="Companyname" Type="Edm.String" Nullable="false" MaxLength="25" sap:unicode="false" sap:label="Name" sap:creatable="false"
					sap:updatable="false" sap:sortable="false" sap:filterable="false"/></EntityType>
			<EntityType Name="ZshInspCatalog" sap:content-version="1">
				<Key><PropertyRef Name="Katalogart"/><PropertyRef Name="Codegruppe"/><PropertyRef Name="Code"/><PropertyRef Name="Version"/></Key><Property Name="Katalogart" Type="Edm.String" Nullable="false" MaxLength="1" sap:unicode="false" sap:label="Catalog" sap:creatable="false"
					sap:updatable="false" sap:sortable="false" sap:filterable="false"/><Property Name="Codegruppe" Type="Edm.String" Nullable="false" MaxLength="8" sap:unicode="false" sap:label="Code Group"
					sap:creatable="false" sap:updatable="false" sap:sortable="false" sap:filterable="false"/><Property Name="Code" Type="Edm.String" Nullable="false" MaxLength="4" sap:unicode="false" sap:label="Code" sap:creatable="false"
					sap:updatable="false" sap:sortable="false" sap:filterable="false"/><Property Name="Version" Type="Edm.String" Nullable="false" MaxLength="6" sap:unicode="false" sap:label="Version" sap:creatable="false"
					sap:updatable="false" sap:sortable="false" sap:filterable="false"/><Property Name="Gueltigab" Type="Edm.DateTime" Nullable="false" Precision="7" sap:unicode="false" sap:label="Valid From"
					sap:creatable="false" sap:updatable="false" sap:sortable="false" sap:filterable="false"/><Property Name="Kurztext" Type="Edm.String" Nullable="false" MaxLength="40" sap:unicode="false" sap:label="Short Text" sap:creatable="false"
					sap:updatable="false" sap:sortable="false" sap:filterable="false"/><Property Name="Ltextv" Type="Edm.String" Nullable="false" MaxLength="1" sap:unicode="false" sap:label="Long Text" sap:creatable="false"
					sap:updatable="false" sap:sortable="false" sap:filterable="false"/></EntityType>
			<EntityType Name="ZshEquipmentMaster" sap:content-version="1">
				<Key><PropertyRef Name="Equnr"/></Key><Property Name="Equnr" Type="Edm.String" Nullable="false" MaxLength="18" sap:unicode="false" sap:label="Equipment" sap:creatable="false"
					sap:updatable="false" sap:sortable="false" sap:filterable="false"/><Property Name="Mapar" Type="Edm.String" Nullable="false" MaxLength="30" sap:unicode="false" sap:label="Mint Mark" sap:creatable="false"
					sap:updatable="false" sap:sortable="false" sap:filterable="false"/><Property Name="Herst" Type="Edm.String" Nullable="false" MaxLength="30" sap:unicode="false" sap:label="Year" sap:creatable="false"
					sap:updatable="false" sap:sortable="false" sap:filterable="false"/><Property Name="Serge" Type="Edm.String" Nullable="false" MaxLength="30" sap:unicode="false" sap:label="Strike Char" sap:creatable="false"
					sap:updatable="false" sap:sortable="false" sap:filterable="false"/><Property Name="Eqtyp" Type="Edm.String" Nullable="false" MaxLength="1" sap:unicode="false" sap:label="EquipCategory" sap:creatable="false"
					sap:updatable="false" sap:sortable="false" sap:filterable="false"/></EntityType>
			<EntityType Name="ZCDSV_QALS_QAMVType" sap:label="Verification Process - Get Inspection Lot for Sales Order" sap:content-version="1">
				<Key><PropertyRef Name="InspectionLotNumber"/></Key><Property Name="InspectionLotNumber" Type="Edm.String" Nullable="false" MaxLength="12" sap:display-format="NonNegative"
					sap:label="Inspection Lot" sap:quickinfo="Inspection Lot Number"/><Property Name="Plant" Type="Edm.String" MaxLength="4" sap:display-format="UpperCase" sap:label="Plant"/><Property Name="InspectionType" Type="Edm.String" MaxLength="8" sap:display-format="UpperCase" sap:label="Inspection Type"/><Property Name="SalesOrder" Type="Edm.String" MaxLength="10" sap:display-format="UpperCase" sap:label="Sales order"
					sap:quickinfo="Sales order number of valuated sales order stock"/><Property Name="SalesOrderItem" Type="Edm.String" MaxLength="6" sap:display-format="NonNegative" sap:label="Sales order item"
					sap:quickinfo="Sales Order Item of Valuated Sales Order Stock"/><Property Name="MovementType" Type="Edm.String" MaxLength="3" sap:display-format="UpperCase" sap:label="Movement type"
					sap:quickinfo="Movement type (inventory management)"/><Property Name="InspLotQty" Type="Edm.Decimal" Precision="13" Scale="3" sap:unit="InspLotQtyUOM" sap:label="Insp. Lot Quantity"
					sap:quickinfo="Inspection Lot Quantity"/><Property Name="InspLotQtyUOM" Type="Edm.String" MaxLength="3" sap:label="Base Unit of Measure"
					sap:quickinfo="Base Unit of Measure for Inspection Lot Quantity" sap:semantics="unit-of-measure"/><Property Name="InspCharac" Type="Edm.String" MaxLength="4" sap:display-format="NonNegative" sap:label="Insp. Characteristic"
					sap:quickinfo="Inspection Characteristic Number"/><Property Name="InspCatalogPlant" Type="Edm.String" MaxLength="4" sap:display-format="UpperCase" sap:label="Plant"
					sap:quickinfo="Plant of the Assigned Selected Set"/><Property Name="VYear" Type="Edm.String" MaxLength="25" sap:display-format="UpperCase" sap:label="Original Value"
					sap:quickinfo="Original Value Before Input Processing"/><Property Name="VYearOper" Type="Edm.String" MaxLength="4"/><Property Name="VMintMark" Type="Edm.String" MaxLength="4" sap:display-format="UpperCase" sap:label="Code"/><Property Name="VMintMarkOper" Type="Edm.String" MaxLength="4"/><Property Name="VDenomination" Type="Edm.String" MaxLength="25" sap:display-format="UpperCase" sap:label="Original Value"
					sap:quickinfo="Original Value Before Input Processing"/><Property Name="VDenomOper" Type="Edm.String" MaxLength="4"/><Property Name="VDenominationCurrencyType" Type="Edm.String" MaxLength="4" sap:display-format="UpperCase" sap:label="Code"/><Property Name="VDenomCurrTypeOper" Type="Edm.String" MaxLength="4"/><Property Name="VPedigree" Type="Edm.String" MaxLength="4" sap:display-format="UpperCase" sap:label="Code"/><Property Name="VPedigreeOper" Type="Edm.String" MaxLength="4"/><Property Name="VCoinStrikeTypes" Type="Edm.String" MaxLength="4" sap:display-format="UpperCase" sap:label="Code"/><Property Name="VCoinStrikeTypesOper" Type="Edm.String" MaxLength="4"/><Property Name="VSetUsageDecision" Type="Edm.String" MaxLength="8" sap:display-format="UpperCase" sap:label="UD selected set"
					sap:quickinfo="Selected Set of the Usage Decision"/><Property Name="VCodeGroupUD" Type="Edm.String" MaxLength="8" sap:display-format="UpperCase" sap:label="UD code group"
					sap:quickinfo="Code Group of the Usage Decision"/><Property Name="VCodeUD" Type="Edm.String" MaxLength="4" sap:display-format="UpperCase" sap:label="Usage Decision Code"/></EntityType>
			<EntityType Name="ZCDSV_QPAC_QPCDType" sap:label="Verification - Get Catalogs" sap:content-version="1">
				<Key><PropertyRef Name="CodeGroup"/><PropertyRef Name="inspCode"/></Key><Property Name="CodeGroup" Type="Edm.String" Nullable="false" MaxLength="8" sap:display-format="UpperCase" sap:label="Code Group"/><Property Name="inspCode" Type="Edm.String" Nullable="false" MaxLength="4" sap:display-format="UpperCase" sap:label="Code"/><Property Name="Plant" Type="Edm.String" MaxLength="4" sap:display-format="UpperCase" sap:label="Plant"/><Property Name="CatalogType" Type="Edm.String" MaxLength="1" sap:display-format="UpperCase" sap:label="Catalog"/><Property Name="CatalogText" Type="Edm.String" MaxLength="40" sap:label="Short Text for Code"/></EntityType>
			<EntityType Name="zc_qm_verificationType" sap:label="Inspection Lot Verification" sap:content-version="1">
				<Key><PropertyRef Name="InspectionLotNumber"/></Key><Property Name="InspectionLotNumber" Type="Edm.String" Nullable="false" MaxLength="12" sap:display-format="NonNegative"
					sap:label="Inspection Lot" sap:quickinfo="Inspection Lot Number"/><Property Name="SalesOrder" Type="Edm.String" MaxLength="10" sap:display-format="UpperCase" sap:label="Sales document"
					sap:quickinfo="Sales Document"/><Property Name="SalesOrderItem" Type="Edm.String" MaxLength="6" sap:display-format="NonNegative" sap:label="Sales order item"
					sap:quickinfo="Sales Order Item of Valuated Sales Order Stock"/><Property Name="Material" Type="Edm.String" MaxLength="40" sap:display-format="UpperCase" sap:label="Material"
					sap:quickinfo="Material Number"/><Property Name="Customer" Type="Edm.String" MaxLength="10" sap:display-format="UpperCase" sap:label="Sold-To Party"/><Property Name="Plant" Type="Edm.String" MaxLength="4" sap:display-format="UpperCase" sap:label="Plant"
					sap:quickinfo="Plant (Own or External)"/><Property Name="VSetUsageDecision" Type="Edm.String" MaxLength="8" sap:display-format="UpperCase" sap:label="UD selected set"
					sap:quickinfo="Selected Set of the Usage Decision"/><Property Name="VCodeGroupUD" Type="Edm.String" MaxLength="8" sap:display-format="UpperCase" sap:label="UD code group"
					sap:quickinfo="Code Group of the Usage Decision"/><Property Name="VCodeUD" Type="Edm.String" MaxLength="4" sap:display-format="UpperCase" sap:label="Usage Decision Code"/><Property Name="VYear" Type="Edm.String" MaxLength="25" sap:display-format="UpperCase" sap:label="Code"/><Property Name="VYearOper" Type="Edm.String" MaxLength="4"/><Property Name="VMintMark" Type="Edm.String" MaxLength="4" sap:display-format="UpperCase" sap:label="Code"/><Property Name="VMintMarkOper" Type="Edm.String" MaxLength="4"/><Property Name="VDenomination" Type="Edm.String" MaxLength="25" sap:display-format="UpperCase" sap:label="Code"/><Property Name="VDenomOper" Type="Edm.String" MaxLength="4"/><Property Name="VDenominationCurrencyType" Type="Edm.String" MaxLength="4" sap:display-format="UpperCase" sap:label="Code"/><Property Name="VDenomCurrTypeOper" Type="Edm.String" MaxLength="4"/><Property Name="VPedigree" Type="Edm.String" MaxLength="4" sap:display-format="UpperCase" sap:label="Code"/><Property Name="VPedigreeOper" Type="Edm.String" MaxLength="4"/><Property Name="VCoinStrikeTypes" Type="Edm.String" MaxLength="4"/><Property Name="VCoinStrikeTypesOper" Type="Edm.String" MaxLength="4"/><Property Name="VInspLotQty" Type="Edm.Decimal" Precision="13" Scale="3" sap:unit="VInspLotQtyUOM"/><Property Name="VInspLotQtyUOM" Type="Edm.String" MaxLength="3" sap:semantics="unit-of-measure"/><Property Name="HolderAll" Type="Edm.String" MaxLength="1" sap:label="Holder All"/><Property Name="sdetyp" Type="Edm.String" MaxLength="2" sap:label="Denomination Type"/><Property Name="sdenom" Type="Edm.String" MaxLength="8" sap:label="Denomination"/><Property Name="sconsrvtype" Type="Edm.String" MaxLength="3" sap:label="Conservation Type"/><Property Name="sconsrvreq" Type="Edm.Boolean" sap:display-format="UpperCase" sap:label="Conservation Required ?"/><Property Name="stag" Type="Edm.String" MaxLength="18" sap:label="Tag#"/><Property Name="scnstrik" Type="Edm.String" MaxLength="2" sap:label="Coin Strike"/><Property Name="syear" Type="Edm.String" MaxLength="4" sap:display-format="NonNegative" sap:label="Year"/><Property Name="spedigree" Type="Edm.String" MaxLength="3" sap:label="Pedigree"/><Property Name="scertnum" Type="Edm.String" MaxLength="16" sap:display-format="NonNegative" sap:label="Certificate Number"/><Property Name="MaterialName" Type="Edm.String" MaxLength="40" sap:label="Material description"/><Property Name="vcollectible" Type="Edm.String" MaxLength="18"/><Property Name="Name" Type="Edm.String" MaxLength="35" sap:label="Name" sap:quickinfo="Name 1"/><Property Name="Street" Type="Edm.String" MaxLength="35" sap:label="Street" sap:quickinfo="Street and House Number"/><Property Name="City" Type="Edm.String" MaxLength="35" sap:label="City"/><Property Name="pcode" Type="Edm.String" MaxLength="10" sap:display-format="UpperCase" sap:label="Postal Code"/><Property Name="State" Type="Edm.String" MaxLength="3" sap:display-format="UpperCase" sap:label="Region"
					sap:quickinfo="Region (State, Province, County)"/><Property Name="Country" Type="Edm.String" MaxLength="3" sap:display-format="UpperCase" sap:label="Country" sap:quickinfo="Country Key"/><NavigationProperty Name="to_inspLotDetails" Relationship="ZGW_VERIFY_PROCESS_SRV.assoc_595AC56C4D92896EEC9FD1B3E77D2412"
					FromRole="FromRole_assoc_595AC56C4D92896EEC9FD1B3E77D2412" ToRole="ToRole_assoc_595AC56C4D92896EEC9FD1B3E77D2412"/></EntityType>
			<Association Name="assoc_595AC56C4D92896EEC9FD1B3E77D2412" sap:content-version="1"><End Type="ZGW_VERIFY_PROCESS_SRV.zc_qm_verificationType" Multiplicity="1" Role="FromRole_assoc_595AC56C4D92896EEC9FD1B3E77D2412"/><End Type="ZGW_VERIFY_PROCESS_SRV.ZCDSV_QALS_QAMVType" Multiplicity="1" Role="ToRole_assoc_595AC56C4D92896EEC9FD1B3E77D2412"/></Association>
			<EntityContainer Name="ZGW_VERIFY_PROCESS_SRV_Entities" m:IsDefaultEntityContainer="true" sap:message-scope-supported="true"
				sap:supported-formats="atom json xlsx"><EntitySet Name="PartnerAddressSet" EntityType="ZGW_VERIFY_PROCESS_SRV.PartnerAddress" sap:creatable="false" sap:updatable="false"
				sap:deletable="false" sap:pageable="false" sap:addressable="false" sap:content-version="1"/><EntitySet Name="ZshInspCatalogSet" EntityType="ZGW_VERIFY_PROCESS_SRV.ZshInspCatalog" sap:creatable="false" sap:updatable="false"
				sap:deletable="false" sap:pageable="false" sap:content-version="1"/><EntitySet Name="ZshEquipmentMasterSet" EntityType="ZGW_VERIFY_PROCESS_SRV.ZshEquipmentMaster" sap:creatable="false" sap:updatable="false"
				sap:deletable="false" sap:pageable="false" sap:content-version="1"/><EntitySet Name="ZCDSV_QALS_QAMV" EntityType="ZGW_VERIFY_PROCESS_SRV.ZCDSV_QALS_QAMVType" sap:creatable="false" sap:updatable="false"
				sap:deletable="false" sap:content-version="1"/><EntitySet Name="ZCDSV_QPAC_QPCD" EntityType="ZGW_VERIFY_PROCESS_SRV.ZCDSV_QPAC_QPCDType" sap:creatable="false" sap:updatable="false"
				sap:deletable="false" sap:content-version="1"/><EntitySet Name="zc_qm_verification" EntityType="ZGW_VERIFY_PROCESS_SRV.zc_qm_verificationType" sap:creatable="false" sap:updatable="false"
				sap:deletable="false" sap:content-version="1"/>
				<AssociationSet Name="assoc_595AC56C4D92896EEC9FD1B3E77D2412" Association="ZGW_VERIFY_PROCESS_SRV.assoc_595AC56C4D92896EEC9FD1B3E77D2412"
					sap:creatable="false" sap:updatable="false" sap:deletable="false" sap:content-version="1"><End EntitySet="zc_qm_verification" Role="FromRole_assoc_595AC56C4D92896EEC9FD1B3E77D2412"/><End EntitySet="ZCDSV_QALS_QAMV" Role="ToRole_assoc_595AC56C4D92896EEC9FD1B3E77D2412"/></AssociationSet>
				<FunctionImport Name="GetPartnerAddress" ReturnType="Collection(ZGW_VERIFY_PROCESS_SRV.PartnerAddress)" EntitySet="PartnerAddressSet"
					m:HttpMethod="GET" sap:label="Get Partner Address"><Parameter Name="SalesOrder" Type="Edm.String" Mode="In"/></FunctionImport>
			</EntityContainer>
			<Annotations xmlns="http://docs.oasis-open.org/odata/ns/edm" Target="ZGW_VERIFY_PROCESS_SRV.ZGW_VERIFY_PROCESS_SRV_Entities">
				<Annotation Term="Aggregation.ApplySupported">
					<Record>
						<PropertyValue Property="Transformations">
							<Collection>
								<String>aggregate</String>
								<String>groupby</String>
								<String>filter</String>
							</Collection>
						</PropertyValue><PropertyValue Property="Rollup" EnumMember="None"/></Record>
				</Annotation>
			</Annotations><atom:link xmlns:atom="http://www.w3.org/2005/Atom" rel="self" href="./sap/ZGW_VERIFY_PROCESS_SRV/$metadata"/><atom:link xmlns:atom="http://www.w3.org/2005/Atom" rel="latest-version" href="./sap/ZGW_VERIFY_PROCESS_SRV/$metadata"/></Schema>
	</edmx:DataServices>
</edmx:Edmx>