<mvc:View controllerName="zcv.zcoin_grading.blocks.ItemBlock2" xmlns:core="sap.ui.core" xmlns:mvc="sap.ui.core.mvc"
	xmlns:f="sap.ui.layout.form" xmlns="sap.m">
	<VBox class="sapUiSmallMargin">
		<f:SimpleForm id="SimpleFormChange354" editable="true" layout="ResponsiveGridLayout" title="Verification Characteristics" labelSpanXL="3"
			labelSpanL="3" labelSpanM="3" labelSpanS="12" adjustLabelSpan="false" emptySpanXL="4" emptySpanL="4" emptySpanM="4" emptySpanS="0"
			columnsXL="1" columnsL="1" columnsM="1" singleContainerFullSize="false">
			<f:toolbar>
				<Toolbar >
					<Title text="Inspection Characteristics"/>
					<ToolbarSpacer/>
					<!--<Button text="Save" press="onSave"/>-->
					<!--<Button text="Create"/>-->
					<!--<Button text="Edit"/>-->
					<!--<Button text="Delete"/>-->
				</Toolbar>
			</f:toolbar>
			<f:content>
				<Label text="Year"/>
				<Input id="i1vyear" value="{item2>VYear}"/>
				<Label text="Mint Mark"/>
				<Input id="i1vmintmark" value="{item2>VMintMark}"/>
				<Label text="Denomination"/>
				<Input id="i1vdenomination" value="{item2>VDenomination}"/>
				<Label text="Denomination Currency Type"/>
				<Input id="i1vdenominationcurrencytype" value="{item2>VDenominationCurrencyType}"/>
				<Label text="Pedigree"/>
				<Input id="i1vpedigree" value="{item2>VPedigree}"/>
				<Label text="Coin Strike Types"/>
				<Input id="i1vcoinstriketypes" value="{item2>VCoinStrikeTypes}"/>
			</f:content>
		</f:SimpleForm>
	</VBox>
</mvc:View>