<mvc:View xmlns:core="sap.ui.core" xmlns:mvc="sap.ui.core.mvc" xmlns:f="sap.ui.layout.form" xmlns="sap.m" xmlns:layout="sap.ui.layout"
	xmlns:smartchart="sap.ui.comp.smartchart" xmlns:sl="sap.ui.comp.navpopover" controllerName="zcv.zcoin_grading.controller.ItemBlock1">
	<VBox class="sapUiSmallMargin">
		<!--<layout:HorizontalLayout class="sapUiContentPadding equalColumns">-->
		<VBox>
			<f:SimpleForm id="SimpleFormChange354" editable="true" layout="ColumnLayout" title="{oHead>/Title}" labelSpanXL="4" labelSpanL="4"
				labelSpanM="12" labelSpanS="12" adjustLabelSpan="false" emptySpanXL="0" emptySpanL="0" emptySpanM="0" emptySpanS="0" columnsM="2"
				columnsXL="3" columnsL="3" singleContainerFullSize="true">
				<f:toolbar>
					<Toolbar>
						<Title titleStyle="H1" wrappingType="Hyphenated" text="{oHead>/Title}"/>
						<ToolbarSpacer/>
						<!--<TimePicker id="TP6" valueFormat="HH:mm:ss" displayFormat="HH:mm:ss" change="handleChange" placeholder="Enter time" support2400="true"-->
						<!--dateValue="{oHead>/Time}"/>-->
						<Button type="Emphasized" text="Variety Check" enabled="true"/>
						<Button type="Emphasized" text="Mint Error" enabled="false"/>
						<Button type="Emphasized" text="To NCS" enabled="true"/>
						<Button type="Emphasized" text="Close" enabled="true"/>
						<Button type="Emphasized" text="Save" press="onSaveItem1" visible="{oHead>/visFld}"/>
					</Toolbar>
				</f:toolbar>
				<f:content class="TP6">
					<!--<Label text="Coin Type"/>-->
					<!--<Input id="i1CoinType" value="{oHead>/GCoinType}" showValueHelp="true" editable="{oHead>/visFld}" valueHelpRequest="handleF4CoinType"/>-->
					<!--<Text id="i1TCoinType" text="{oHead>/Text}"/>-->
					<!--**ComboBox for Grade-->
					<!--					<Label text="Grade#" labelFor="idComboBox"/>-->
					<!--					<ComboBox-->
					<!--						id="idComboBox"-->
					<!--						items="{-->
					<!--							path: '/CountriesCollection',-->
					<!--							sorter: { path: 'text' }-->
					<!--						}"-->
					<!--						change="handleChange">-->
					<!--						<core:Item text="{text}" key="{key}" />-->
					<!--					</ComboBox>						-->
					<!--**ComboBox for Grade-->
					<Label text="Grade"/>
					<Input class="TP6" id="i1Grade" value="{oHead>/GNumGrade}" showValueHelp="true" editable="{oHead>/visFld}" valueHelpRequest="handleF4NGrade"/>
					<Text id="i1TGrade" text="{oHead>/Text1}"/>
					<Label text="Details Grade"/>
					<Input class="TP6" id="i1CoinGrade" value="{oHead>/GCoinGrade}" showValueHelp="true" editable="false" valueHelpRequest="handleF4CoinGrade"/>
					<!--<Input class="TP6" id="i1CoinGrade" value="{oHead>/VCoinStrikeTypes}" showValueHelp="true" editable="false" valueHelpRequest="handleF4CoinGrade"/>-->
					<Text id="i1TCoinGrade" text="{oHead>/Text3}"/>
					<!--<Label text="Coin Strike"/>-->
					<Label text="Proof Mint"/>
					<Input id="i1CoinStrike" value="{oHead>/VCoinStrikeTypes}" showValueHelp="true" editable="false" valueHelpRequest="handleF4CoinStrike"/>
					<Text id="i1TCoinStrike" text="{oHead>/Text2}"/>
					<!--<Label text=""/>-->
					<!--<Text text=""/>-->
					<!--<Input id="" valu/>-->
					<!--<Text id="i1TStarGradeCoin" text="{oHead>/Text4}"/>-->
					<!--<Label text="Plus Grade Coin"/>-->
					<!--<Input id="i1PlusGradeCoin" value="{oHead>/GPlusGradeCoin}" showValueHelp="true" editable="{oHead>/visFld}"-->
					<!--	valueHelpRequest="handleF4PlusGradeCoin"/>-->
					<!--<Text id="i1TPlusGradeCoin" text="{oHead>/Text5}"/>-->
					<Label text="Coin Strike"/>
					<!--<Label text="Strike characteristics"/>-->
					<Input id="i1CoinStrikeCharacters" value="{oHead>/GCoinStrikeCharacters}" showValueHelp="true" editable="{oHead>/visFld}"
						valueHelpRequest="handleF4CoinStrikeChar"/>
					<Text id="i1TCoinStrikeCharacters" text="{oHead>/Text6}"/>
					<!--<Label text=""/>-->
					<!--<Text text=""/>-->
					<Label text="Star Grade Coin"/>
					<CheckBox id="SGC" selected="{oHead>/SGC}" select="onSGCSelect" editable="{oHead>/visFld}"/>
					<Label text="Plus Grade Coin"/>
					<CheckBox id="PGC" selected="{oHead>/PGC}" select="onPGCSelect" editable="{oHead>/visFld}"/>
					<Label text="No Grade"/>
					<Input id="i1PlusNoGrade" value="{oHead>/GCoinNoGrade}" showValueHelp="true" editable="{oHead>/visFld}" valueHelpRequest="handleF4NoGrade"/>
					<Text id="i1TPlusNoGrade" text="{oHead>/Text7}"/>
					<!--<Label text=""/>-->
					<!--<Text text=""/>-->
					<!--<Label text=""/>-->
					<!--<Text text=""/>-->
					<!--<Label text="Time(Mins) Spent"/>-->
					<!--<Input id="i1TimeSpent" value="{oHead>/GTimeSpent}" editable="{oHead>/visFld}"/>-->
					<!--<HeaderContiner id="container3" orientation="Vertical">-->
					<Label text="Pedigree"/>
					<Input id="i1pedigree" class="TP6" value="{oHead>/VPedigree}" editable="{oHead>/visFld}" showValueHelp="true"
						valueHelpRequest="handleF4PED2"/>
					<!--<Input id="i1Pedigree" value="{oHead>/VPedigree}" editable="{oHead>/visFld}" valueHelpRequest="handleF4NoGrade"/>-->
					<Input id="tAi1Pedigree" value="{oHead>/pedgreeNotes}" editable="{oHead>/visFld}"/>
					<Label text="Pedigree2"/>
					<Input id="i1Pedigree2" class="TP6" value="{oHead>/VPedigree2}" showValueHelp="true" editable="{oHead>/visFld}"
						valueHelpRequest="handleF4PED2"/>
					<Input id="tai1Pedigree2" value="{oHead>/pedgree2Notes}" editable="{oHead>/visFld}"/>
					<!--<Label text=""/>-->
					<!--<Text text=""/>-->
					<!--<Label text=""/>-->
					<!--<Text text=""/>-->
					<!--<Label text=""/>-->
					<!--<Text text=""/>-->
					<!--<Label text=""/>-->
					<!--<Text text=""/>-->
					<!--<Label text=""/>-->
					<!--<Text text=""/>-->
					<!--</VBox>-->
					<!--</HeaderContainer>-->
					<!--<Label text="Grade Notes"/>-->
					<!--<layout:HorizontalLayout class="sapUiContentPadding equalColumns">-->
					<!--<layout:content>-->
					<!--	<TextArea width="100%" value="{oHead>/GText}" showExceededText="true" liveChange="handleLiveChange" valueLiveUpdate="true" cols="60"-->
					<!--		rows="1"/>-->
					<!--	<TextArea width="100%" id="textAreaWithoutBinding" value="{oHead>/GradNotes}" editable="false" showExceededText="true"-->
					<!--		liveChange="handleLiveChange" valueLiveUpdate="true" cols="60" rows="4"/>-->
					<!--</layout:content>-->
					<!--</layout:HorizontalLayout>-->
					<!--<Label text="Grade Notes"/>-->
				</f:content>
			</f:SimpleForm>
		</VBox>
		<!--<VBox fitContainer="true">-->
		<!--	<smartchart:SmartChart id="smartChartGeneral" enableAutoBinding="true" entitySet="{oHead>/GraphData}" useVariantManagement="true"-->
		<!--		persistencyKey="PKeyChartExample9" useChartPersonalisation="true" header="" showFullScreenButton="true" selectionMode="Multi"-->
		<!--		showChartTooltip="true" showDrillBreadcrumbs="false" showDetailsButton="false" showDrillButtons="true" showSemanticNavigationButton="true"-->
		<!--		height="50%" width="50%">-->
		<!--		<smartchart:semanticObjectController>-->
		<!--			<sl:SemanticObjectController navigationTargetsObtained="onNavigationTargetsObtained" navigate="onNavigate"/>-->
		<!--		</smartchart:semanticObjectController>-->
		<!--	</smartchart:SmartChart>-->
		<!--</VBox>-->
		<!--</layout:HorizontalLayout>-->
		<Label text="Grader Notes" labelFor="iptextAreaWithoutBinding"/>
		<layout:VerticalLayout class="sapUiContentPadding equalColumns">
			<layout:content>
				<TextArea id="iptextAreaWithoutBinding" width="100%" value="{oHead>/GText}" editable="{oHead>/visFld}" showExceededText="true"
					liveChange="handleLiveChange" valueLiveUpdate="true" cols="60" rows="1"/>
				<TextArea width="100%" id="textAreaWithoutBinding" value="{oHead>/GradNotes}" editable="false" showExceededText="true"
					liveChange="handleLiveChange" valueLiveUpdate="true" cols="80" rows="4"/>
			</layout:content>
		</layout:VerticalLayout>
	</VBox>
	<!--<layout:HorizontalLayout>-->
	<!--<HeaderContainer id="container2" orientation="Vertical">-->
	<!--<Label text="Grade Notes"/>-->
	<!--<layout:HorizontalLayout class="sapUiContentPadding equalColumns">-->
	<!--	<layout:content>-->
	<!--<f:SimpleForm id="SimpleFormChange35" editable="true" layout="ColumnLayout" labelSpanXL="3" labelSpanL="3" labelSpanM="3" labelSpanS="12"-->
	<!--	adjustLabelSpan="false" emptySpanXL="4" emptySpanL="4" emptySpanM="4" emptySpanS="0" columnsXL="1" columnsL="1" columnsM="1"-->
	<!--	singleContainerFullSize="true">-->
	<!--<layout:HorizontalLayout>-->
	<!--<Label text="Grade Notes"/>-->
	<!--		<TextArea width="100%" value="{oHead>/GText}" showExceededText="true" liveChange="handleLiveChange" valueLiveUpdate="true" cols="80"-->
	<!--			rows="1"/>-->
	<!--		<TextArea width="100%" id="textAreaWithoutBinding" value="{oHead>/GradNotes}" editable="false" showExceededText="true"-->
	<!--			liveChange="handleLiveChange" valueLiveUpdate="true" cols="80" rows="4"/>-->
	<!--	</layout:content>-->
	<!--</layout:HorizontalLayout>-->
	<!--</f:SimpleForm>-->
	<!--</layout:HorizontalLayout>-->
	<!--</HeaderContainer>-->
	<!--<HeaderContainer id="container3" orientation="Vertical">-->
	<!--	<Label text="Pedigree"/>-->
	<!--	<Input id="i1Pedigree" value="{oHead>/GCoinNoGrade}" showValueHelp="true" editable="{oHead>/visFld}" valueHelpRequest="handleF4NoGrade"/>-->
	<!--	<TextArea id="tAi1Pedigree" value="{oHead>/GradNotes}" editable="false" showExceededText="true" liveChange="handleLiveChange"-->
	<!--		valueLiveUpdate="true" cols="43" rows="4"/>-->
	<!--</VBox>-->
	<!--</HeaderContainer>-->
	<!--<HeaderContainer id="container4" orientation="Vertical">-->
	<!--<Label text="Pedigree2"/>-->
	<!--<Input id="i1Pedigree2" value="{oHead>/GCoinNoGrade}" showValueHelp="true" editable="{oHead>/visFld}" valueHelpRequest="handleF4NoGrade"/>-->
	<!--<TextArea id="tai1Pedigree2" value="{oHead>/GradNotes}" editable="false" showExceededText="true" liveChange="handleLiveChange"-->
	<!--	valueLiveUpdate="true" cols="40" rows="4"/>-->
	<!--</HeaderContainer>-->
	<!--</layout:HorizontalLayout>-->
</mvc:View>