<edmx:Edmx xmlns:edmx="http://schemas.microsoft.com/ado/2007/06/edmx"
	xmlns:m="http://schemas.microsoft.com/ado/2007/08/dataservices/metadata" xmlns:sap="http://www.sap.com/Protocols/SAPData" Version="1.0">
	<edmx:Reference xmlns:edmx="http://docs.oasis-open.org/odata/ns/edmx"
		Uri="./IWFND/CATALOGSERVICE;v=2/Vocabularies(TechnicalName='%2FIWBEP%2FVOC_COMMON',Version='0001',SAP__Origin='S4HANA')/$value"><edmx:Include Namespace="com.sap.vocabularies.Common.v1" Alias="Common"/></edmx:Reference>
	<edmx:Reference xmlns:edmx="http://docs.oasis-open.org/odata/ns/edmx"
		Uri="./IWFND/CATALOGSERVICE;v=2/Vocabularies(TechnicalName='%2FIWBEP%2FVOC_CAPABILITIES',Version='0001',SAP__Origin='S4HANA')/$value"><edmx:Include Namespace="Org.OData.Capabilities.V1" Alias="Capabilities"/></edmx:Reference>
	<edmx:Reference xmlns:edmx="http://docs.oasis-open.org/odata/ns/edmx"
		Uri="./IWFND/CATALOGSERVICE;v=2/Vocabularies(TechnicalName='%2FIWBEP%2FVOC_COMMUNICATION',Version='0001',SAP__Origin='S4HANA')/$value"><edmx:Include Namespace="com.sap.vocabularies.Communication.v1" Alias="Communication"/></edmx:Reference>
	<edmx:Reference xmlns:edmx="http://docs.oasis-open.org/odata/ns/edmx"
		Uri="./IWFND/CATALOGSERVICE;v=2/Vocabularies(TechnicalName='%2FIWBEP%2FVOC_AGGREGATION',Version='0001',SAP__Origin='S4HANA')/$value"><edmx:Include Namespace="Org.OData.Aggregation.V1" Alias="Aggregation"/></edmx:Reference>
	<edmx:Reference xmlns:edmx="http://docs.oasis-open.org/odata/ns/edmx"
		Uri="./IWFND/CATALOGSERVICE;v=2/Vocabularies(TechnicalName='%2FIWBEP%2FVOC_PERSONALDATA',Version='0001',SAP__Origin='S4HANA')/$value"><edmx:Include Namespace="com.sap.vocabularies.PersonalData.v1" Alias="PersonalData"/></edmx:Reference>
	<edmx:DataServices m:DataServiceVersion="2.0">
		<Schema xmlns="http://schemas.microsoft.com/ado/2008/09/edm" Namespace="ZCDSV_GRADING_RESULTS_CDS" xml:lang="en" sap:schema-version="1">
			<EntityType Name="ZCDSV_GRADING_RESULTSType" sap:label="Grading Results" sap:content-version="1">
				<Key><PropertyRef Name="inspectionLotNumber"/><PropertyRef Name="GraderResult"/></Key><Property Name="inspectionLotNumber" Type="Edm.String" Nullable="false" MaxLength="12" sap:display-format="NonNegative"
					sap:label="Inspection Lot" sap:quickinfo="Inspection Lot Number"/><Property Name="GraderResult" Type="Edm.String" Nullable="false" MaxLength="6" sap:display-format="NonNegative" sap:label="Sample"
					sap:quickinfo="Sample Number (Based on an Inspection Point)"/><Property Name="InspectionType" Type="Edm.String" MaxLength="8" sap:display-format="UpperCase" sap:label="Inspection Type"/><Property Name="Plant" Type="Edm.String" MaxLength="4" sap:display-format="UpperCase" sap:label="Plant"/><Property Name="SalesOrder" Type="Edm.String" MaxLength="10" sap:display-format="UpperCase" sap:label="Sales order"
					sap:quickinfo="Sales order number of valuated sales order stock"/><Property Name="SalesOrderItem" Type="Edm.String" MaxLength="6" sap:display-format="NonNegative" sap:label="Sales order item"
					sap:quickinfo="Sales Order Item of Valuated Sales Order Stock"/><Property Name="UserDate1" Type="Edm.DateTime" Precision="0" sap:display-format="Date" sap:label="User field"
					sap:quickinfo="User Field for Date"/><Property Name="UserTime1" Type="Edm.Time" Precision="0" sap:label="User field" sap:quickinfo="User Field for Time"/><Property Name="SerialNumber" Type="Edm.String" MaxLength="18" sap:display-format="UpperCase" sap:label="User field"
					sap:quickinfo="User Field for 18 Characters"/><Property Name="GUser" Type="Edm.String" MaxLength="10" sap:display-format="UpperCase" sap:label="User field"
					sap:quickinfo="User Field for 10 Characters"/><Property Name="GraderTypeCode" Type="Edm.String" MaxLength="3" sap:display-format="NonNegative" sap:label="User field"
					sap:quickinfo="User Field for 3 Digits"/><Property Name="GUserType" Type="Edm.String" MaxLength="12"/><Property Name="GCoinType" Type="Edm.String" MaxLength="4" sap:display-format="UpperCase" sap:label="Code"/><Property Name="GCoinTypeDesc" Type="Edm.String" MaxLength="40"/><Property Name="GCointStrike" Type="Edm.String" MaxLength="4"/><Property Name="GCointStrikeDesc" Type="Edm.String" MaxLength="40"/><Property Name="GCoinGrade" Type="Edm.String" MaxLength="4" sap:display-format="UpperCase" sap:label="Code"/><Property Name="GCoinGradeDesc" Type="Edm.String" MaxLength="40"/><Property Name="GStarGradeCoin" Type="Edm.String" MaxLength="4" sap:display-format="UpperCase" sap:label="Code"/><Property Name="GStarGradeCoinDesc" Type="Edm.String" MaxLength="40"/><Property Name="GPlusGradeCoin" Type="Edm.String" MaxLength="4" sap:display-format="UpperCase" sap:label="Code"/><Property Name="GPlusGradeCoinDesc" Type="Edm.String" MaxLength="40"/><Property Name="GCoinStrikeChars" Type="Edm.String" MaxLength="4" sap:display-format="UpperCase" sap:label="Code"/><Property Name="GCoinStrikeCharsDesc" Type="Edm.String" MaxLength="40"/><Property Name="InspLotQty" Type="Edm.Decimal" Precision="13" Scale="3" sap:label="Insp. Lot Quantity"
					sap:quickinfo="Inspection Lot Quantity"/></EntityType>
			<EntityContainer Name="ZCDSV_GRADING_RESULTS_CDS_Entities" m:IsDefaultEntityContainer="true" sap:message-scope-supported="true"
				sap:supported-formats="atom json xlsx"><EntitySet Name="ZCDSV_GRADING_RESULTS" EntityType="ZCDSV_GRADING_RESULTS_CDS.ZCDSV_GRADING_RESULTSType" sap:creatable="false"
				sap:updatable="false" sap:deletable="false" sap:content-version="1"/></EntityContainer>
			<Annotations xmlns="http://docs.oasis-open.org/odata/ns/edm" Target="ZCDSV_GRADING_RESULTS_CDS.ZCDSV_GRADING_RESULTS_CDS_Entities">
				<Annotation Term="Aggregation.ApplySupported">
					<Record>
						<PropertyValue Property="Transformations">
							<Collection>
								<String>aggregate</String>
								<String>groupby</String>
								<String>filter</String>
							</Collection>
						</PropertyValue><PropertyValue Property="Rollup" EnumMember="None"/></Record>
				</Annotation>
			</Annotations><atom:link xmlns:atom="http://www.w3.org/2005/Atom" rel="self" href="./sap/ZCDSV_GRADING_RESULTS_CDS/$metadata"/><atom:link xmlns:atom="http://www.w3.org/2005/Atom" rel="latest-version" href="./sap/ZCDSV_GRADING_RESULTS_CDS/$metadata"/></Schema>
	</edmx:DataServices>
</edmx:Edmx>