<edmx:Edmx xmlns:edmx="http://schemas.microsoft.com/ado/2007/06/edmx"
	xmlns:m="http://schemas.microsoft.com/ado/2007/08/dataservices/metadata" xmlns:sap="http://www.sap.com/Protocols/SAPData" Version="1.0">
	<edmx:Reference xmlns:edmx="http://docs.oasis-open.org/odata/ns/edmx"
		Uri="./IWFND/CATALOGSERVICE;v=2/Vocabularies(TechnicalName='%2FIWBEP%2FVOC_COMMON',Version='0001',SAP__Origin='S4HANA')/$value"><edmx:Include Namespace="com.sap.vocabularies.Common.v1" Alias="Common"/></edmx:Reference>
	<edmx:Reference xmlns:edmx="http://docs.oasis-open.org/odata/ns/edmx"
		Uri="./IWFND/CATALOGSERVICE;v=2/Vocabularies(TechnicalName='%2FIWBEP%2FVOC_CAPABILITIES',Version='0001',SAP__Origin='S4HANA')/$value"><edmx:Include Namespace="Org.OData.Capabilities.V1" Alias="Capabilities"/></edmx:Reference>
	<edmx:Reference xmlns:edmx="http://docs.oasis-open.org/odata/ns/edmx"
		Uri="./IWFND/CATALOGSERVICE;v=2/Vocabularies(TechnicalName='%2FIWBEP%2FVOC_COMMUNICATION',Version='0001',SAP__Origin='S4HANA')/$value"><edmx:Include Namespace="com.sap.vocabularies.Communication.v1" Alias="Communication"/></edmx:Reference>
	<edmx:Reference xmlns:edmx="http://docs.oasis-open.org/odata/ns/edmx"
		Uri="./IWFND/CATALOGSERVICE;v=2/Vocabularies(TechnicalName='%2FIWBEP%2FVOC_AGGREGATION',Version='0001',SAP__Origin='S4HANA')/$value"><edmx:Include Namespace="Org.OData.Aggregation.V1" Alias="Aggregation"/></edmx:Reference>
	<edmx:Reference xmlns:edmx="http://docs.oasis-open.org/odata/ns/edmx"
		Uri="./IWFND/CATALOGSERVICE;v=2/Vocabularies(TechnicalName='%2FIWBEP%2FVOC_PERSONALDATA',Version='0001',SAP__Origin='S4HANA')/$value"><edmx:Include Namespace="com.sap.vocabularies.PersonalData.v1" Alias="PersonalData"/></edmx:Reference>
	<edmx:DataServices m:DataServiceVersion="2.0">
		<Schema xmlns="http://schemas.microsoft.com/ado/2008/09/edm" Namespace="ZC_QM_VERIFICATION_CDS" xml:lang="en" sap:schema-version="1">
			<EntityType Name="ZCDSV_QALS_QAMVType" sap:label="Verification Process - Get Inspection Lot for Sales Order" sap:content-version="1">
				<Key><PropertyRef Name="InspectionLotNumber"/></Key><Property Name="InspectionLotNumber" Type="Edm.String" Nullable="false" MaxLength="12" sap:display-format="NonNegative"
					sap:label="Inspection Lot" sap:quickinfo="Inspection Lot Number"/><Property Name="Plant" Type="Edm.String" MaxLength="4" sap:display-format="UpperCase" sap:label="Plant"/><Property Name="InspectionType" Type="Edm.String" MaxLength="8" sap:display-format="UpperCase" sap:label="Inspection Type"/><Property Name="SalesOrder" Type="Edm.String" MaxLength="10" sap:display-format="UpperCase" sap:label="Sales order"
					sap:quickinfo="Sales order number of valuated sales order stock"/><Property Name="SalesOrderItem" Type="Edm.String" MaxLength="6" sap:display-format="NonNegative" sap:label="Sales order item"
					sap:quickinfo="Sales Order Item of Valuated Sales Order Stock"/><Property Name="MovementType" Type="Edm.String" MaxLength="3" sap:display-format="UpperCase" sap:label="Movement type"
					sap:quickinfo="Movement type (inventory management)"/><Property Name="InspLotQty" Type="Edm.Decimal" Precision="13" Scale="3" sap:unit="InspLotQtyUOM" sap:label="Insp. Lot Quantity"
					sap:quickinfo="Inspection Lot Quantity"/><Property Name="InspLotQtyUOM" Type="Edm.String" MaxLength="3" sap:label="Base Unit of Measure"
					sap:quickinfo="Base Unit of Measure for Inspection Lot Quantity" sap:semantics="unit-of-measure"/><Property Name="InspCharac" Type="Edm.String" MaxLength="4" sap:display-format="NonNegative" sap:label="Insp. Characteristic"
					sap:quickinfo="Inspection Characteristic Number"/><Property Name="InspCatalogPlant" Type="Edm.String" MaxLength="4" sap:display-format="UpperCase" sap:label="Plant"
					sap:quickinfo="Plant of the Assigned Selected Set"/><Property Name="VYear" Type="Edm.String" MaxLength="4" sap:display-format="UpperCase" sap:label="Code"/><Property Name="VYearOper" Type="Edm.String" MaxLength="4"/><Property Name="VMintMark" Type="Edm.String" MaxLength="4" sap:display-format="UpperCase" sap:label="Code"/><Property Name="VMintMarkOper" Type="Edm.String" MaxLength="4"/><Property Name="VDenomination" Type="Edm.String" MaxLength="4" sap:display-format="UpperCase" sap:label="Code"/><Property Name="VDenomOper" Type="Edm.String" MaxLength="4"/><Property Name="VDenominationCurrencyType" Type="Edm.String" MaxLength="4" sap:display-format="UpperCase" sap:label="Code"/><Property Name="VDenomCurrTypeOper" Type="Edm.String" MaxLength="4"/><Property Name="VPedigree" Type="Edm.String" MaxLength="4" sap:display-format="UpperCase" sap:label="Code"/><Property Name="VPedigreeOper" Type="Edm.String" MaxLength="4"/><Property Name="VCoinStrikeTypes" Type="Edm.String" MaxLength="4" sap:display-format="UpperCase" sap:label="Code"/><Property Name="VCoinStrikeTypesOper" Type="Edm.String" MaxLength="4"/><Property Name="VSetUsageDecision" Type="Edm.String" MaxLength="8" sap:display-format="UpperCase" sap:label="UD selected set"
					sap:quickinfo="Selected Set of the Usage Decision"/><Property Name="VCodeGroupUD" Type="Edm.String" MaxLength="8" sap:display-format="UpperCase" sap:label="UD code group"
					sap:quickinfo="Code Group of the Usage Decision"/><Property Name="VCodeUD" Type="Edm.String" MaxLength="4" sap:display-format="UpperCase" sap:label="Usage Decision Code"/></EntityType>
			<EntityType Name="zc_qm_verificationType" sap:label="Inspection Lot Verification" sap:content-version="1">
				<Key><PropertyRef Name="InspectionLotNumber"/></Key><Property Name="InspectionLotNumber" Type="Edm.String" Nullable="false" MaxLength="12" sap:display-format="NonNegative"
					sap:label="Inspection Lot" sap:quickinfo="Inspection Lot Number"/><Property Name="SalesOrder" Type="Edm.String" MaxLength="10" sap:display-format="UpperCase" sap:label="Sales document"
					sap:quickinfo="Sales Document"/><Property Name="SalesOrderItem" Type="Edm.String" MaxLength="6" sap:display-format="NonNegative" sap:label="Sales order item"
					sap:quickinfo="Sales Order Item of Valuated Sales Order Stock"/><Property Name="Material" Type="Edm.String" MaxLength="40" sap:display-format="UpperCase" sap:label="Material"
					sap:quickinfo="Material Number"/><Property Name="Customer" Type="Edm.String" MaxLength="10" sap:display-format="UpperCase" sap:label="Sold-To Party"/><Property Name="Plant" Type="Edm.String" MaxLength="4" sap:display-format="UpperCase" sap:label="Plant"
					sap:quickinfo="Plant (Own or External)"/><Property Name="VSetUsageDecision" Type="Edm.String" MaxLength="8" sap:display-format="UpperCase" sap:label="UD selected set"
					sap:quickinfo="Selected Set of the Usage Decision"/><Property Name="VCodeGroupUD" Type="Edm.String" MaxLength="8" sap:display-format="UpperCase" sap:label="UD code group"
					sap:quickinfo="Code Group of the Usage Decision"/><Property Name="VCodeUD" Type="Edm.String" MaxLength="4" sap:display-format="UpperCase" sap:label="Usage Decision Code"/><Property Name="VYear" Type="Edm.String" MaxLength="4" sap:display-format="UpperCase" sap:label="Code"/><Property Name="VYearOper" Type="Edm.String" MaxLength="4"/><Property Name="VMintMark" Type="Edm.String" MaxLength="4" sap:display-format="UpperCase" sap:label="Code"/><Property Name="VMintMarkOper" Type="Edm.String" MaxLength="4"/><Property Name="VDenomination" Type="Edm.String" MaxLength="4" sap:display-format="UpperCase" sap:label="Code"/><Property Name="VDenomOper" Type="Edm.String" MaxLength="4"/><Property Name="VDenominationCurrencyType" Type="Edm.String" MaxLength="4" sap:display-format="UpperCase" sap:label="Code"/><Property Name="VDenomCurrTypeOper" Type="Edm.String" MaxLength="4"/><Property Name="VPedigree" Type="Edm.String" MaxLength="4" sap:display-format="UpperCase" sap:label="Code"/><Property Name="VPedigreeOper" Type="Edm.String" MaxLength="4"/><Property Name="VCoinStrikeTypes" Type="Edm.String" MaxLength="4"/><Property Name="VCoinStrikeTypesOper" Type="Edm.String" MaxLength="4"/><Property Name="VInspLotQty" Type="Edm.Decimal" Precision="13" Scale="3" sap:unit="VInspLotQtyUOM"/><Property Name="VInspLotQtyUOM" Type="Edm.String" MaxLength="3" sap:semantics="unit-of-measure"/><Property Name="Tag" Type="Edm.String" MaxLength="15" sap:label="Tag #"/><Property Name="OrigGrade" Type="Edm.String" MaxLength="15" sap:label="Orig Grade"/><Property Name="OrigStrike" Type="Edm.String" MaxLength="15" sap:label="Orig Strike"/><Property Name="CertNumber" Type="Edm.String" MaxLength="15" sap:label="Cert Number"/><Property Name="CheckConservType" Type="Edm.String" MaxLength="1" sap:label="Conserver Type"/><Property Name="HolderAll" Type="Edm.String" MaxLength="1" sap:label="Holder All"/><Property Name="Name" Type="Edm.String" MaxLength="35" sap:label="Name" sap:quickinfo="Name 1"/><Property Name="Street" Type="Edm.String" MaxLength="35" sap:label="Street" sap:quickinfo="Street and House Number"/><Property Name="City" Type="Edm.String" MaxLength="35" sap:label="City"/><Property Name="pcode" Type="Edm.String" MaxLength="10" sap:display-format="UpperCase" sap:label="Postal Code"/><Property Name="State" Type="Edm.String" MaxLength="3" sap:display-format="UpperCase" sap:label="Region"
					sap:quickinfo="Region (State, Province, County)"/><Property Name="Country" Type="Edm.String" MaxLength="3" sap:display-format="UpperCase" sap:label="Country" sap:quickinfo="Country Key"/><NavigationProperty Name="to_inspLotDetails" Relationship="ZC_QM_VERIFICATION_CDS.assoc_595AC56C4D92896EEC9FD1B3E77D2412"
					FromRole="FromRole_assoc_595AC56C4D92896EEC9FD1B3E77D2412" ToRole="ToRole_assoc_595AC56C4D92896EEC9FD1B3E77D2412"/></EntityType>
			<Association Name="assoc_595AC56C4D92896EEC9FD1B3E77D2412" sap:content-version="1"><End Type="ZC_QM_VERIFICATION_CDS.zc_qm_verificationType" Multiplicity="1" Role="FromRole_assoc_595AC56C4D92896EEC9FD1B3E77D2412"/><End Type="ZC_QM_VERIFICATION_CDS.ZCDSV_QALS_QAMVType" Multiplicity="1" Role="ToRole_assoc_595AC56C4D92896EEC9FD1B3E77D2412"/></Association>
			<EntityContainer Name="ZC_QM_VERIFICATION_CDS_Entities" m:IsDefaultEntityContainer="true" sap:message-scope-supported="true"
				sap:supported-formats="atom json xlsx"><EntitySet Name="ZCDSV_QALS_QAMV" EntityType="ZC_QM_VERIFICATION_CDS.ZCDSV_QALS_QAMVType" sap:creatable="false" sap:updatable="false"
				sap:deletable="false" sap:content-version="1"/><EntitySet Name="zc_qm_verification" EntityType="ZC_QM_VERIFICATION_CDS.zc_qm_verificationType" sap:creatable="false" sap:updatable="false"
				sap:deletable="false" sap:content-version="1"/>
				<AssociationSet Name="assoc_595AC56C4D92896EEC9FD1B3E77D2412" Association="ZC_QM_VERIFICATION_CDS.assoc_595AC56C4D92896EEC9FD1B3E77D2412"
					sap:creatable="false" sap:updatable="false" sap:deletable="false" sap:content-version="1"><End EntitySet="zc_qm_verification" Role="FromRole_assoc_595AC56C4D92896EEC9FD1B3E77D2412"/><End EntitySet="ZCDSV_QALS_QAMV" Role="ToRole_assoc_595AC56C4D92896EEC9FD1B3E77D2412"/></AssociationSet>
			</EntityContainer>
			<Annotations xmlns="http://docs.oasis-open.org/odata/ns/edm" Target="ZC_QM_VERIFICATION_CDS.ZC_QM_VERIFICATION_CDS_Entities">
				<Annotation Term="Aggregation.ApplySupported">
					<Record>
						<PropertyValue Property="Transformations">
							<Collection>
								<String>aggregate</String>
								<String>groupby</String>
								<String>filter</String>
							</Collection>
						</PropertyValue><PropertyValue Property="Rollup" EnumMember="None"/></Record>
				</Annotation>
			</Annotations><atom:link xmlns:atom="http://www.w3.org/2005/Atom" rel="self" href="./sap/ZC_QM_VERIFICATION_CDS/$metadata"/><atom:link xmlns:atom="http://www.w3.org/2005/Atom" rel="latest-version" href="./sap/ZC_QM_VERIFICATION_CDS/$metadata"/></Schema>
	</edmx:DataServices>
</edmx:Edmx>