<edmx:Edmx xmlns:edmx="http://schemas.microsoft.com/ado/2007/06/edmx"
	xmlns:m="http://schemas.microsoft.com/ado/2007/08/dataservices/metadata" xmlns:sap="http://www.sap.com/Protocols/SAPData" Version="1.0">
	<edmx:Reference xmlns:edmx="http://docs.oasis-open.org/odata/ns/edmx"
		Uri="./IWFND/CATALOGSERVICE;v=2/Vocabularies(TechnicalName='%2FIWBEP%2FVOC_COMMON',Version='0001',SAP__Origin='S4HANA')/$value"><edmx:Include Namespace="com.sap.vocabularies.Common.v1" Alias="Common"/></edmx:Reference>
	<edmx:Reference xmlns:edmx="http://docs.oasis-open.org/odata/ns/edmx"
		Uri="./IWFND/CATALOGSERVICE;v=2/Vocabularies(TechnicalName='%2FIWBEP%2FVOC_CAPABILITIES',Version='0001',SAP__Origin='S4HANA')/$value"><edmx:Include Namespace="Org.OData.Capabilities.V1" Alias="Capabilities"/></edmx:Reference>
	<edmx:Reference xmlns:edmx="http://docs.oasis-open.org/odata/ns/edmx"
		Uri="./IWFND/CATALOGSERVICE;v=2/Vocabularies(TechnicalName='%2FIWBEP%2FVOC_COMMUNICATION',Version='0001',SAP__Origin='S4HANA')/$value"><edmx:Include Namespace="com.sap.vocabularies.Communication.v1" Alias="Communication"/></edmx:Reference>
	<edmx:Reference xmlns:edmx="http://docs.oasis-open.org/odata/ns/edmx"
		Uri="./IWFND/CATALOGSERVICE;v=2/Vocabularies(TechnicalName='%2FIWBEP%2FVOC_AGGREGATION',Version='0001',SAP__Origin='S4HANA')/$value"><edmx:Include Namespace="Org.OData.Aggregation.V1" Alias="Aggregation"/></edmx:Reference>
	<edmx:Reference xmlns:edmx="http://docs.oasis-open.org/odata/ns/edmx"
		Uri="./IWFND/CATALOGSERVICE;v=2/Vocabularies(TechnicalName='%2FIWBEP%2FVOC_PERSONALDATA',Version='0001',SAP__Origin='S4HANA')/$value"><edmx:Include Namespace="com.sap.vocabularies.PersonalData.v1" Alias="PersonalData"/></edmx:Reference>
	<edmx:DataServices m:DataServiceVersion="2.0">
		<Schema xmlns="http://schemas.microsoft.com/ado/2008/09/edm" Namespace="ZGW_GRADING_PROCESS_SRV" xml:lang="en" sap:schema-version="1">
			<EntityType Name="ZCDSV_QM_GRADINGType" sap:label="Grading Process" sap:content-version="1">
				<Key><PropertyRef Name="Serialnumber"/><PropertyRef Name="Salesordnumber"/></Key><Property Name="Serialnumber" Type="Edm.String" Nullable="false" MaxLength="18" sap:display-format="UpperCase" sap:label="Serial Number"/><Property Name="Salesordnumber" Type="Edm.String" Nullable="false" MaxLength="10" sap:display-format="UpperCase" sap:label="Sales order"
					sap:quickinfo="Sales order number of valuated sales order stock"/><Property Name="Salesorditem" Type="Edm.String" MaxLength="6" sap:display-format="NonNegative" sap:label="Sales order item"
					sap:quickinfo="Sales Order Item of Valuated Sales Order Stock"/><Property Name="InspectLotnumber" Type="Edm.String" MaxLength="12" sap:display-format="NonNegative" sap:label="Inspection Lot"
					sap:quickinfo="Inspection Lot Number"/><Property Name="Plant" Type="Edm.String" MaxLength="4" sap:display-format="UpperCase" sap:label="Plant"/><Property Name="GCoinType" Type="Edm.String" MaxLength="4" sap:label="Coin Type"/><Property Name="GCoinStrike" Type="Edm.String" MaxLength="4" sap:label="Coin Strike"/><Property Name="GCoinGrade" Type="Edm.String" MaxLength="4" sap:label="Coin Grade"/><Property Name="GStarGradeCoin" Type="Edm.String" MaxLength="4" sap:label="Star Grade Coin"/><Property Name="GPlusGradeCoin" Type="Edm.String" MaxLength="4" sap:label="Plus Grade Coin"/><Property Name="GCoinStrikeCharacters" Type="Edm.String" MaxLength="4" sap:label="Coin Strike Characters"/><Property Name="GSetUsageDecision" Type="Edm.String" MaxLength="8" sap:display-format="UpperCase" sap:label="UD selected set"
					sap:quickinfo="Selected Set of the Usage Decision"/><Property Name="GCodeGroupUD" Type="Edm.String" MaxLength="8" sap:display-format="UpperCase" sap:label="UD code group"
					sap:quickinfo="Code Group of the Usage Decision"/><Property Name="GCodeUD" Type="Edm.String" MaxLength="4" sap:display-format="UpperCase" sap:label="Usage Decision Code"/></EntityType>
			<EntityContainer Name="ZGW_GRADING_PROCESS_SRV_Entities" m:IsDefaultEntityContainer="true" sap:message-scope-supported="true"
				sap:supported-formats="atom json xlsx"><EntitySet Name="ZCDSV_QM_GRADING" EntityType="ZGW_GRADING_PROCESS_SRV.ZCDSV_QM_GRADINGType" sap:creatable="false" sap:updatable="false"
				sap:deletable="false" sap:content-version="1"/></EntityContainer>
			<Annotations xmlns="http://docs.oasis-open.org/odata/ns/edm" Target="ZGW_GRADING_PROCESS_SRV.ZGW_GRADING_PROCESS_SRV_Entities">
				<Annotation Term="Aggregation.ApplySupported">
					<Record>
						<PropertyValue Property="Transformations">
							<Collection>
								<String>aggregate</String>
								<String>groupby</String>
								<String>filter</String>
							</Collection>
						</PropertyValue><PropertyValue Property="Rollup" EnumMember="None"/></Record>
				</Annotation>
			</Annotations><atom:link xmlns:atom="http://www.w3.org/2005/Atom" rel="self" href="./sap/ZGW_GRADING_PROCESS_SRV/$metadata"/><atom:link xmlns:atom="http://www.w3.org/2005/Atom" rel="latest-version" href="./sap/ZGW_GRADING_PROCESS_SRV/$metadata"/></Schema>
	</edmx:DataServices>
</edmx:Edmx>