<edmx:Edmx xmlns:edmx="http://schemas.microsoft.com/ado/2007/06/edmx"
	xmlns:m="http://schemas.microsoft.com/ado/2007/08/dataservices/metadata" xmlns:sap="http://www.sap.com/Protocols/SAPData" Version="1.0">
	<edmx:Reference xmlns:edmx="http://docs.oasis-open.org/odata/ns/edmx"
		Uri="./IWFND/CATALOGSERVICE;v=2/Vocabularies(TechnicalName='%2FIWBEP%2FVOC_COMMON',Version='0001',SAP__Origin='S4HANA')/$value"><edmx:Include Namespace="com.sap.vocabularies.Common.v1" Alias="Common"/></edmx:Reference>
	<edmx:Reference xmlns:edmx="http://docs.oasis-open.org/odata/ns/edmx"
		Uri="./IWFND/CATALOGSERVICE;v=2/Vocabularies(TechnicalName='%2FIWBEP%2FVOC_CAPABILITIES',Version='0001',SAP__Origin='S4HANA')/$value"><edmx:Include Namespace="Org.OData.Capabilities.V1" Alias="Capabilities"/></edmx:Reference>
	<edmx:Reference xmlns:edmx="http://docs.oasis-open.org/odata/ns/edmx"
		Uri="./IWFND/CATALOGSERVICE;v=2/Vocabularies(TechnicalName='%2FIWBEP%2FVOC_COMMUNICATION',Version='0001',SAP__Origin='S4HANA')/$value"><edmx:Include Namespace="com.sap.vocabularies.Communication.v1" Alias="Communication"/></edmx:Reference>
	<edmx:Reference xmlns:edmx="http://docs.oasis-open.org/odata/ns/edmx"
		Uri="./IWFND/CATALOGSERVICE;v=2/Vocabularies(TechnicalName='%2FIWBEP%2FVOC_AGGREGATION',Version='0001',SAP__Origin='S4HANA')/$value"><edmx:Include Namespace="Org.OData.Aggregation.V1" Alias="Aggregation"/></edmx:Reference>
	<edmx:Reference xmlns:edmx="http://docs.oasis-open.org/odata/ns/edmx"
		Uri="./IWFND/CATALOGSERVICE;v=2/Vocabularies(TechnicalName='%2FIWBEP%2FVOC_PERSONALDATA',Version='0001',SAP__Origin='S4HANA')/$value"><edmx:Include Namespace="com.sap.vocabularies.PersonalData.v1" Alias="PersonalData"/></edmx:Reference>
	<edmx:DataServices m:DataServiceVersion="2.0">
		<Schema xmlns="http://schemas.microsoft.com/ado/2008/09/edm" Namespace="API_SALES_ORDER_SRV" xml:lang="en" sap:schema-version="1">
			<EntityType Name="A_SalesOrderType" sap:label="Sales Order (API)" sap:content-version="1">
				<Key><PropertyRef Name="SalesOrder"/></Key><Property Name="SalesOrder" Type="Edm.String" Nullable="false" MaxLength="10" sap:display-format="UpperCase" sap:label="Sales Order"/><Property Name="SalesOrderType" Type="Edm.String" MaxLength="4" sap:display-format="UpperCase" sap:label="Sales Order Type"/><Property Name="SalesOrganization" Type="Edm.String" MaxLength="4" sap:display-format="UpperCase" sap:label="Sales Organization"/><Property Name="DistributionChannel" Type="Edm.String" MaxLength="2" sap:display-format="UpperCase" sap:label="Distribution Channel"/><Property Name="OrganizationDivision" Type="Edm.String" MaxLength="2" sap:display-format="UpperCase" sap:label="Division"/><Property Name="SalesGroup" Type="Edm.String" MaxLength="3" sap:display-format="UpperCase" sap:label="Sales group"/><Property Name="SalesOffice" Type="Edm.String" MaxLength="4" sap:display-format="UpperCase" sap:label="Sales office"/><Property Name="SalesDistrict" Type="Edm.String" MaxLength="6" sap:display-format="UpperCase" sap:label="Sales District"/><Property Name="SoldToParty" Type="Edm.String" MaxLength="10" sap:display-format="UpperCase" sap:label="Sold-To Party"/><Property Name="CreationDate" Type="Edm.DateTime" Precision="0" sap:display-format="Date" sap:label="Created on"
					sap:quickinfo="Date on which the record was created" sap:creatable="false" sap:updatable="false"/><Property Name="CreatedByUser" Type="Edm.String" MaxLength="12" sap:display-format="UpperCase" sap:label="Created by"
					sap:quickinfo="Name of Person who Created the Object" sap:creatable="false" sap:updatable="false"/><Property Name="LastChangeDate" Type="Edm.DateTime" Precision="0" sap:display-format="Date" sap:label="Changed On"
					sap:quickinfo="Date of Last Change" sap:creatable="false" sap:updatable="false"/><Property Name="LastChangeDateTime" Type="Edm.DateTimeOffset" Precision="7" ConcurrencyMode="Fixed" sap:label="Time Stamp"
					sap:quickinfo="UTC Time Stamp in Long Form (YYYYMMDDhhmmssmmmuuun)" sap:creatable="false" sap:updatable="false"/><Property Name="PurchaseOrderByCustomer" Type="Edm.String" MaxLength="35" sap:label="Customer Reference"/><Property Name="CustomerPurchaseOrderType" Type="Edm.String" MaxLength="4" sap:display-format="UpperCase" sap:label="Purchase Order Type"
					sap:quickinfo="Customer Purchase Order Type"/><Property Name="CustomerPurchaseOrderDate" Type="Edm.DateTime" Precision="0" sap:display-format="Date" sap:label="Customer Ref. Date"
					sap:quickinfo="Customer Reference Date"/><Property Name="SalesOrderDate" Type="Edm.DateTime" Precision="0" sap:display-format="Date" sap:label="Document Date"
					sap:quickinfo="Document Date (Date Received/Sent)"/><Property Name="TotalNetAmount" Type="Edm.Decimal" Precision="16" Scale="3" sap:unit="TransactionCurrency" sap:label="Net Value"
					sap:quickinfo="Net Value of the Sales Order in Document Currency" sap:creatable="false" sap:updatable="false"/><Property Name="TransactionCurrency" Type="Edm.String" MaxLength="5" sap:label="Document Currency" sap:quickinfo="SD document currency"
					sap:semantics="currency-code"/><Property Name="SDDocumentReason" Type="Edm.String" MaxLength="3" sap:display-format="UpperCase" sap:label="Order Reason"
					sap:quickinfo="Order Reason (Reason for the Business Transaction)"/><Property Name="PricingDate" Type="Edm.DateTime" Precision="0" sap:display-format="Date" sap:label="Pricing Date"
					sap:quickinfo="Date for Pricing and Exchange Rate"/><Property Name="RequestedDeliveryDate" Type="Edm.DateTime" Precision="0" sap:display-format="Date" sap:label="Requested Deliv.Date"
					sap:quickinfo="Requested Delivery Date"/><Property Name="ShippingCondition" Type="Edm.String" MaxLength="2" sap:display-format="UpperCase" sap:label="Shipping Conditions"/><Property Name="CompleteDeliveryIsDefined" Type="Edm.Boolean" sap:display-format="UpperCase" sap:label="Complete Delivery"
					sap:quickinfo="Complete Delivery Defined for Each Sales Order?"/><Property Name="ShippingType" Type="Edm.String" MaxLength="2" sap:display-format="UpperCase" sap:label="Shipping Type"/><Property Name="HeaderBillingBlockReason" Type="Edm.String" MaxLength="2" sap:display-format="UpperCase" sap:label="Billing Block"
					sap:quickinfo="Billing Block in SD Document"/><Property Name="DeliveryBlockReason" Type="Edm.String" MaxLength="2" sap:display-format="UpperCase" sap:label="Delivery Block"
					sap:quickinfo="Delivery Block (Document Header)"/><Property Name="IncotermsClassification" Type="Edm.String" MaxLength="3" sap:display-format="UpperCase" sap:label="Incoterms"
					sap:quickinfo="Incoterms (Part 1)"/><Property Name="IncotermsTransferLocation" Type="Edm.String" MaxLength="28" sap:label="Incoterms (Part 2)"/><Property Name="IncotermsLocation1" Type="Edm.String" MaxLength="70" sap:label="Incoterms Location 1"/><Property Name="IncotermsLocation2" Type="Edm.String" MaxLength="70" sap:label="Incoterms Location 2"/><Property Name="IncotermsVersion" Type="Edm.String" MaxLength="4" sap:display-format="UpperCase" sap:label="Incoterms Version"/><Property Name="CustomerPaymentTerms" Type="Edm.String" MaxLength="4" sap:display-format="UpperCase" sap:label="Payment terms"
					sap:quickinfo="Terms of payment key"/><Property Name="PaymentMethod" Type="Edm.String" MaxLength="1" sap:display-format="UpperCase" sap:label="Payment Method"/><Property Name="AssignmentReference" Type="Edm.String" MaxLength="18" sap:label="Assignment" sap:quickinfo="Assignment number"/><Property Name="ReferenceSDDocument" Type="Edm.String" MaxLength="10" sap:display-format="UpperCase" sap:label="Reference document"
					sap:quickinfo="Document number of the reference document"/><Property Name="ReferenceSDDocumentCategory" Type="Edm.String" MaxLength="4" sap:label="Preceding Doc.Categ."
					sap:quickinfo="Document Category of Preceding SD Document" sap:creatable="false" sap:updatable="false"/><Property Name="CustomerTaxClassification1" Type="Edm.String" MaxLength="1" sap:display-format="UpperCase" sap:label="Alt.Tax Classific."
					sap:quickinfo="Alternative Tax Classification"/><Property Name="TaxDepartureCountry" Type="Edm.String" MaxLength="3" sap:display-format="UpperCase" sap:label="Tax Depart. Country"
					sap:quickinfo="Tax Departure Country"/><Property Name="VATRegistrationCountry" Type="Edm.String" MaxLength="3" sap:display-format="UpperCase" sap:label="Tax Dest. Country"
					sap:quickinfo="Tax Destination Country"/><Property Name="SalesOrderApprovalReason" Type="Edm.String" MaxLength="4" sap:display-format="UpperCase" sap:label="Apprvl Req. Rsn ID"
					sap:quickinfo="Approval Request Reason ID" sap:creatable="false" sap:updatable="false"/><Property Name="SalesDocApprovalStatus" Type="Edm.String" MaxLength="1" sap:display-format="UpperCase" sap:label="Approval Status"
					sap:quickinfo="Sales Document Approval Status" sap:creatable="false" sap:updatable="false"/><Property Name="OverallSDProcessStatus" Type="Edm.String" MaxLength="1" sap:display-format="UpperCase" sap:label="Overall Status"
					sap:quickinfo="Overall Processing Status (Header/All Items)" sap:creatable="false" sap:updatable="false"/><Property Name="TotalCreditCheckStatus" Type="Edm.String" MaxLength="1" sap:display-format="UpperCase" sap:label="Credit Status"
					sap:quickinfo="Overall Status of Credit Checks" sap:creatable="false" sap:updatable="false"/><Property Name="OverallTotalDeliveryStatus" Type="Edm.String" MaxLength="1" sap:display-format="UpperCase" sap:label="Ovrl Delivery Status"
					sap:quickinfo="Overall Delivery Status (All Items)" sap:creatable="false" sap:updatable="false"/><Property Name="OverallSDDocumentRejectionSts" Type="Edm.String" MaxLength="1" sap:display-format="UpperCase" sap:label="Rejection Status"
					sap:quickinfo="Rejection Status (All Items)" sap:creatable="false" sap:updatable="false"/><Property Name="ZZ1_CompleteSet_SDH" Type="Edm.Boolean" sap:display-format="UpperCase" sap:label="Complete Set"/><Property Name="ZZ1_BelowGradeChg_SDH" Type="Edm.String" MaxLength="5" sap:label="Below Grade Chg"/><Property Name="ZZ1_BulkOrder_SDH" Type="Edm.Boolean" sap:display-format="UpperCase" sap:label="BulkOrder"/><Property Name="ZZ1_MinimumStrike_SDH" Type="Edm.String" MaxLength="3" sap:label="Minimum Strike"/><NavigationProperty Name="to_Item" Relationship="API_SALES_ORDER_SRV.assoc_42CCE6159E335C5B7697EE6BC8D37107"
					FromRole="FromRole_assoc_42CCE6159E335C5B7697EE6BC8D37107" ToRole="ToRole_assoc_42CCE6159E335C5B7697EE6BC8D37107"/><NavigationProperty Name="to_Partner" Relationship="API_SALES_ORDER_SRV.assoc_E0F0B75CE5743C11AC56990C6083E0BA"
					FromRole="FromRole_assoc_E0F0B75CE5743C11AC56990C6083E0BA" ToRole="ToRole_assoc_E0F0B75CE5743C11AC56990C6083E0BA"/><NavigationProperty Name="to_PaymentPlanItemDetails" Relationship="API_SALES_ORDER_SRV.assoc_44F7AAFBAB4403914DD21D2B054AE91D"
					FromRole="FromRole_assoc_44F7AAFBAB4403914DD21D2B054AE91D" ToRole="ToRole_assoc_44F7AAFBAB4403914DD21D2B054AE91D"/><NavigationProperty Name="to_PricingElement" Relationship="API_SALES_ORDER_SRV.assoc_5C52AA5C0E6EBBDD6C9EA9E0A4FFAE21"
					FromRole="FromRole_assoc_5C52AA5C0E6EBBDD6C9EA9E0A4FFAE21" ToRole="ToRole_assoc_5C52AA5C0E6EBBDD6C9EA9E0A4FFAE21"/><NavigationProperty Name="to_Text" Relationship="API_SALES_ORDER_SRV.assoc_D06EF7DEC5E9B78C200493F21B05A94E"
					FromRole="FromRole_assoc_D06EF7DEC5E9B78C200493F21B05A94E" ToRole="ToRole_assoc_D06EF7DEC5E9B78C200493F21B05A94E"/></EntityType>
			<EntityType Name="A_SalesOrderHeaderPartnerType" sap:label="Sales Order Header Partner (API)" sap:content-version="1">
				<Key><PropertyRef Name="SalesOrder"/><PropertyRef Name="PartnerFunction"/></Key><Property Name="SalesOrder" Type="Edm.String" Nullable="false" MaxLength="10" sap:display-format="UpperCase" sap:label="Sales Order"
					sap:creatable="false" sap:updatable="false"/><Property Name="PartnerFunction" Type="Edm.String" Nullable="false" MaxLength="2" sap:display-format="UpperCase"
					sap:label="Partner Function"/><Property Name="Customer" Type="Edm.String" MaxLength="10" sap:display-format="UpperCase" sap:label="Customer"
					sap:quickinfo="Customer Number"/><Property Name="Supplier" Type="Edm.String" MaxLength="10" sap:display-format="UpperCase" sap:label="Vendor"
					sap:quickinfo="Account Number of Vendor or Creditor"/><Property Name="Personnel" Type="Edm.String" MaxLength="8" sap:display-format="NonNegative" sap:label="Personnel Number"/><Property Name="ContactPerson" Type="Edm.String" MaxLength="10" sap:display-format="NonNegative" sap:label="Contact Person"
					sap:quickinfo="Number of contact person"/><NavigationProperty Name="to_SalesOrder" Relationship="API_SALES_ORDER_SRV.assoc_8F721694C94560109555442071763439"
					FromRole="FromRole_assoc_8F721694C94560109555442071763439" ToRole="ToRole_assoc_8F721694C94560109555442071763439"/></EntityType>
			<EntityType Name="A_SalesOrderHeaderPrElementType" sap:label="Sales Order Header Pricing Element (API)" sap:content-version="1">
				<Key><PropertyRef Name="SalesOrder"/><PropertyRef Name="PricingProcedureStep"/><PropertyRef Name="PricingProcedureCounter"/></Key><Property Name="SalesOrder" Type="Edm.String" Nullable="false" MaxLength="10" sap:display-format="UpperCase" sap:label="Sales Order"
					sap:creatable="false" sap:updatable="false"/><Property Name="PricingProcedureStep" Type="Edm.String" Nullable="false" MaxLength="3" sap:display-format="NonNegative"
					sap:label="Step Number"/><Property Name="PricingProcedureCounter" Type="Edm.String" Nullable="false" MaxLength="3" sap:display-format="NonNegative"
					sap:label="Counter" sap:quickinfo="Condition Counter"/><Property Name="ConditionType" Type="Edm.String" MaxLength="4" sap:display-format="UpperCase" sap:label="Condition type"/><Property Name="PricingDateTime" Type="Edm.String" MaxLength="14" sap:display-format="UpperCase" sap:label="Valid From"
					sap:quickinfo="Timestamp for Pricing" sap:creatable="false" sap:updatable="false"/><Property Name="ConditionCalculationType" Type="Edm.String" MaxLength="3" sap:display-format="UpperCase" sap:label="Calculation Type"
					sap:quickinfo="Calculation Type for Condition" sap:creatable="false" sap:updatable="false"/><Property Name="ConditionBaseValue" Type="Edm.Decimal" Precision="24" Scale="9" sap:label="Basis Value"
					sap:quickinfo="Condition Basis Value" sap:creatable="false" sap:updatable="false"/><Property Name="ConditionRateValue" Type="Edm.Decimal" Precision="24" Scale="9" sap:label="Amount"
					sap:quickinfo="Rate (Amount or Percentage)"/><Property Name="ConditionCurrency" Type="Edm.String" MaxLength="5" sap:label="Currency" sap:quickinfo="Currency Key"
					sap:semantics="currency-code"/><Property Name="ConditionQuantity" Type="Edm.Decimal" Precision="5" Scale="0" sap:label="Pricing Unit"
					sap:quickinfo="Condition Pricing Unit"/><Property Name="ConditionQuantityUnit" Type="Edm.String" MaxLength="3" sap:label="Condition Unit"
					sap:quickinfo="Condition Unit in the Document" sap:semantics="unit-of-measure"/><Property Name="ConditionCategory" Type="Edm.String" MaxLength="1" sap:label="Condition Category"
					sap:quickinfo="Condition Category (Examples: Tax, Freight, Price, Cost)" sap:creatable="false" sap:updatable="false"/><Property Name="ConditionIsForStatistics" Type="Edm.Boolean" sap:display-format="UpperCase" sap:label="Statistical"
					sap:quickinfo="Condition is used for statistics" sap:creatable="false" sap:updatable="false"/><Property Name="PricingScaleType" Type="Edm.String" MaxLength="1" sap:display-format="UpperCase" sap:label="Scale Type"
					sap:creatable="false" sap:updatable="false"/><Property Name="ConditionOrigin" Type="Edm.String" MaxLength="1" sap:display-format="UpperCase" sap:label="Condition Origin"
					sap:quickinfo="Origin of the Condition" sap:creatable="false" sap:updatable="false"/><Property Name="IsGroupCondition" Type="Edm.String" MaxLength="1" sap:display-format="UpperCase" sap:label="Group Condition"
					sap:creatable="false" sap:updatable="false"/><Property Name="ConditionRecord" Type="Edm.String" MaxLength="10" sap:display-format="UpperCase" sap:label="Condition Record No."
					sap:quickinfo="Number of the Condition Record" sap:creatable="false" sap:updatable="false"/><Property Name="ConditionSequentialNumber" Type="Edm.String" MaxLength="3" sap:display-format="NonNegative" sap:label="Sequent.No. of Cond."
					sap:quickinfo="Sequential Number of the Condition" sap:creatable="false" sap:updatable="false"/><Property Name="TaxCode" Type="Edm.String" MaxLength="2" sap:display-format="UpperCase" sap:label="Tax Code"
					sap:quickinfo="Tax on sales/purchases code" sap:creatable="false" sap:updatable="false"/><Property Name="WithholdingTaxCode" Type="Edm.String" MaxLength="2" sap:display-format="UpperCase" sap:label="W/Tax Code"
					sap:quickinfo="Withholding Tax Code" sap:creatable="false" sap:updatable="false"/><Property Name="CndnRoundingOffDiffAmount" Type="Edm.Decimal" Precision="6" Scale="3" sap:unit="TransactionCurrency"
					sap:label="Cond.Rounding Diff." sap:quickinfo="Rounding-Off Difference of the Condition" sap:creatable="false" sap:updatable="false"/><Property Name="ConditionAmount" Type="Edm.Decimal" Precision="16" Scale="3" sap:unit="TransactionCurrency" sap:label="Value"
					sap:quickinfo="Condition Value" sap:creatable="false" sap:updatable="false"/><Property Name="TransactionCurrency" Type="Edm.String" MaxLength="5" sap:label="Document Currency" sap:quickinfo="SD document currency"
					sap:semantics="currency-code"/><Property Name="ConditionControl" Type="Edm.String" MaxLength="1" sap:display-format="UpperCase" sap:label="Condition Control"
					sap:creatable="false" sap:updatable="false"/><Property Name="ConditionInactiveReason" Type="Edm.String" MaxLength="1" sap:display-format="UpperCase" sap:label="Inactive Condition"
					sap:quickinfo="Condition is Inactive" sap:creatable="false" sap:updatable="false"/><Property Name="ConditionClass" Type="Edm.String" MaxLength="1" sap:display-format="UpperCase" sap:label="Condition Class"
					sap:creatable="false" sap:updatable="false"/><Property Name="PrcgProcedureCounterForHeader" Type="Edm.String" MaxLength="3" sap:display-format="NonNegative" sap:label="Counter"
					sap:quickinfo="Condition Counter (Header)" sap:creatable="false" sap:updatable="false"/><Property Name="FactorForConditionBasisValue" Type="Edm.Double" sap:label="Condition Factor" sap:quickinfo="Factor for Condition Base Value"
					sap:creatable="false" sap:updatable="false"/><Property Name="StructureCondition" Type="Edm.String" MaxLength="1" sap:display-format="UpperCase" sap:label="Structure Condition"
					sap:creatable="false" sap:updatable="false"/><Property Name="PeriodFactorForCndnBasisValue" Type="Edm.Double" sap:label="Condition Factor"
					sap:quickinfo="Factor for Condition Basis (Period)" sap:creatable="false" sap:updatable="false"/><Property Name="PricingScaleBasis" Type="Edm.String" MaxLength="3" sap:display-format="UpperCase" sap:label="Scale Basis"
					sap:quickinfo="Scale Basis Indicator" sap:creatable="false" sap:updatable="false"/><Property Name="ConditionScaleBasisValue" Type="Edm.Decimal" Precision="24" Scale="9" sap:label="Scale Basis Value" sap:creatable="false"
					sap:updatable="false"/><Property Name="ConditionScaleBasisUnit" Type="Edm.String" MaxLength="3" sap:label="Scale Unit of Meas."
					sap:quickinfo="Condition Scale Unit of Measure" sap:creatable="false" sap:updatable="false" sap:semantics="unit-of-measure"/><Property Name="ConditionScaleBasisCurrency" Type="Edm.String" MaxLength="5" sap:label="Scale Currency" sap:creatable="false"
					sap:updatable="false" sap:semantics="currency-code"/><Property Name="CndnIsRelevantForIntcoBilling" Type="Edm.Boolean" sap:display-format="UpperCase" sap:label="Intercomp.Billing"
					sap:quickinfo="Condition for Intercompany Billing" sap:creatable="false" sap:updatable="false"/><Property Name="ConditionIsManuallyChanged" Type="Edm.Boolean" sap:display-format="UpperCase" sap:label="Changed Manually"
					sap:quickinfo="Condition Changed Manually" sap:creatable="false" sap:updatable="false"/><Property Name="ConditionIsForConfiguration" Type="Edm.Boolean" sap:display-format="UpperCase" sap:label="UsedforVariantConfig"
					sap:quickinfo="Condition Used for Variant Configuration" sap:creatable="false" sap:updatable="false"/><Property Name="VariantCondition" Type="Edm.String" MaxLength="26" sap:label="Variant Condition" sap:creatable="false" sap:updatable="false"/><NavigationProperty Name="to_SalesOrder" Relationship="API_SALES_ORDER_SRV.assoc_C516ABBC5925268953A9AC7D6F836887"
					FromRole="FromRole_assoc_C516ABBC5925268953A9AC7D6F836887" ToRole="ToRole_assoc_C516ABBC5925268953A9AC7D6F836887"/></EntityType>
			<EntityType Name="A_SalesOrderItemType" sap:label="Sales Order Item (API)" sap:content-version="1">
				<Key><PropertyRef Name="SalesOrder"/><PropertyRef Name="SalesOrderItem"/></Key><Property Name="SalesOrder" Type="Edm.String" Nullable="false" MaxLength="10" sap:display-format="UpperCase" sap:label="Sales Order"
					sap:creatable="false" sap:updatable="false"/><Property Name="SalesOrderItem" Type="Edm.String" Nullable="false" MaxLength="6" sap:display-format="NonNegative"
					sap:text="SalesOrderItemText" sap:label="Item" sap:quickinfo="Sales Order Item"/><Property Name="HigherLevelItem" Type="Edm.String" MaxLength="6" sap:display-format="NonNegative" sap:label="Higher-Level Item"
					sap:quickinfo="Higher-Level item in bill of material structures"/><Property Name="SalesOrderItemCategory" Type="Edm.String" MaxLength="4" sap:display-format="UpperCase" sap:label="Item category"
					sap:quickinfo="Sales document item category"/><Property Name="SalesOrderItemText" Type="Edm.String" MaxLength="40" sap:label="Item Description"
					sap:quickinfo="Short text for sales order item"/><Property Name="PurchaseOrderByCustomer" Type="Edm.String" MaxLength="35" sap:label="Customer Reference"/><Property Name="Material" Type="Edm.String" MaxLength="40" sap:display-format="UpperCase" sap:label="Material"
					sap:quickinfo="Material Number"/><Property Name="MaterialByCustomer" Type="Edm.String" MaxLength="35" sap:display-format="UpperCase" sap:label="Customer Material"
					sap:quickinfo="Material Number Used by Customer"/><Property Name="PricingDate" Type="Edm.DateTime" Precision="0" sap:display-format="Date" sap:label="Pricing Date"
					sap:quickinfo="Date for Pricing and Exchange Rate"/><Property Name="RequestedQuantity" Type="Edm.Decimal" Precision="15" Scale="3" sap:unit="RequestedQuantityUnit"
					sap:label="Requested Quantity"/><Property Name="RequestedQuantityUnit" Type="Edm.String" MaxLength="3" sap:label="Requested Qty Unit"
					sap:quickinfo="Requested Quantity Unit" sap:semantics="unit-of-measure"/><Property Name="ItemGrossWeight" Type="Edm.Decimal" Precision="15" Scale="3" sap:unit="ItemWeightUnit" sap:label="Gross Weight"
					sap:quickinfo="Gross Weight of the Item" sap:creatable="false" sap:updatable="false"/><Property Name="ItemNetWeight" Type="Edm.Decimal" Precision="15" Scale="3" sap:unit="ItemWeightUnit" sap:label="Net Weight"
					sap:quickinfo="Net Weight of the Item" sap:creatable="false" sap:updatable="false"/><Property Name="ItemWeightUnit" Type="Edm.String" MaxLength="3" sap:label="Weight unit" sap:quickinfo="Weight Unit" sap:creatable="false"
					sap:updatable="false" sap:semantics="unit-of-measure"/><Property Name="ItemVolume" Type="Edm.Decimal" Precision="15" Scale="3" sap:unit="ItemVolumeUnit" sap:label="Volume"
					sap:quickinfo="Volume of the item" sap:creatable="false" sap:updatable="false"/><Property Name="ItemVolumeUnit" Type="Edm.String" MaxLength="3" sap:label="Volume unit" sap:creatable="false" sap:updatable="false"
					sap:semantics="unit-of-measure"/><Property Name="TransactionCurrency" Type="Edm.String" MaxLength="5" sap:label="Document Currency" sap:quickinfo="SD document currency"
					sap:creatable="false" sap:updatable="false" sap:semantics="currency-code"/><Property Name="NetAmount" Type="Edm.Decimal" Precision="16" Scale="3" sap:unit="TransactionCurrency" sap:label="Net Value"
					sap:quickinfo="Net Value of the Order Item in Document Currency" sap:creatable="false" sap:updatable="false"/><Property Name="MaterialGroup" Type="Edm.String" MaxLength="9" sap:display-format="UpperCase" sap:label="Material Group"/><Property Name="MaterialPricingGroup" Type="Edm.String" MaxLength="2" sap:display-format="UpperCase" sap:label="Material Price Grp"
					sap:quickinfo="Material Price Group"/><Property Name="Batch" Type="Edm.String" MaxLength="10" sap:display-format="UpperCase" sap:label="Batch" sap:quickinfo="Batch Number"/><Property Name="ProductionPlant" Type="Edm.String" MaxLength="4" sap:display-format="UpperCase" sap:label="Plant"
					sap:quickinfo="Plant (Own or External)"/><Property Name="StorageLocation" Type="Edm.String" MaxLength="4" sap:display-format="UpperCase" sap:label="Storage location"/><Property Name="DeliveryGroup" Type="Edm.String" MaxLength="3" sap:display-format="NonNegative" sap:label="Delivery Group"
					sap:quickinfo="Delivery Group (Items are delivered together)"/><Property Name="ShippingPoint" Type="Edm.String" MaxLength="4" sap:display-format="UpperCase" sap:label="Shipping Point"
					sap:quickinfo="Shipping Point / Receiving Point"/><Property Name="ShippingType" Type="Edm.String" MaxLength="2" sap:display-format="UpperCase" sap:label="Shipping Type"/><Property Name="DeliveryPriority" Type="Edm.String" MaxLength="2" sap:display-format="NonNegative" sap:label="Delivery Priority"/><Property Name="IncotermsClassification" Type="Edm.String" MaxLength="3" sap:display-format="UpperCase" sap:label="Incoterms"
					sap:quickinfo="Incoterms (Part 1)"/><Property Name="IncotermsTransferLocation" Type="Edm.String" MaxLength="28" sap:label="Incoterms (Part 2)"/><Property Name="IncotermsLocation1" Type="Edm.String" MaxLength="70" sap:label="Incoterms Location 1"/><Property Name="IncotermsLocation2" Type="Edm.String" MaxLength="70" sap:label="Incoterms Location 2"/><Property Name="CustomerPaymentTerms" Type="Edm.String" MaxLength="4" sap:display-format="UpperCase" sap:label="Payment terms"
					sap:quickinfo="Terms of payment key"/><Property Name="SalesDocumentRjcnReason" Type="Edm.String" MaxLength="2" sap:display-format="UpperCase" sap:label="Reason for Rejection"
					sap:quickinfo="Reason for Rejection of Sales Documents"/><Property Name="ItemBillingBlockReason" Type="Edm.String" MaxLength="2" sap:display-format="UpperCase" sap:label="Billing Block"
					sap:quickinfo="Billing Block for Item"/><Property Name="WBSElement" Type="Edm.String" MaxLength="24" sap:display-format="NonNegative" sap:label="WBS Element"
					sap:quickinfo="Work Breakdown Structure Element (WBS Element)"/><Property Name="ProfitCenter" Type="Edm.String" MaxLength="10" sap:display-format="UpperCase" sap:label="Profit Center"/><Property Name="ReferenceSDDocument" Type="Edm.String" MaxLength="10" sap:display-format="UpperCase" sap:label="Reference document"
					sap:quickinfo="Document number of the reference document"/><Property Name="ReferenceSDDocumentItem" Type="Edm.String" MaxLength="6" sap:display-format="NonNegative" sap:label="Reference Item"
					sap:quickinfo="Item number of the reference item"/><Property Name="SDProcessStatus" Type="Edm.String" MaxLength="1" sap:display-format="UpperCase" sap:label="Overall Status"
					sap:quickinfo="Overall Processing Status (Item)" sap:creatable="false" sap:updatable="false"/><Property Name="DeliveryStatus" Type="Edm.String" MaxLength="1" sap:display-format="UpperCase" sap:label="Delivery Status"
					sap:quickinfo="Delivery Status (Item)" sap:creatable="false" sap:updatable="false"/><Property Name="OrderRelatedBillingStatus" Type="Edm.String" MaxLength="1" sap:display-format="UpperCase" sap:label="Billing Status"
					sap:quickinfo="Order-Related Billing Status (Item)" sap:creatable="false" sap:updatable="false"/><Property Name="RequirementSegment" Type="Edm.String" MaxLength="40" sap:display-format="UpperCase" sap:label="Requirement Segment"/><Property Name="ZZ1_Core_SDI" Type="Edm.String" MaxLength="18" sap:label="Core" sap:quickinfo="Core Type"/><Property Name="ZZ1_Grade_SDI" Type="Edm.String" MaxLength="5" sap:display-format="NonNegative" sap:label="Grade"/><Property Name="ZZ1_CERTNUM_SDI" Type="Edm.String" MaxLength="16" sap:display-format="NonNegative" sap:label="Certificate Number"/><Property Name="ZZ1_HolderType_SDI" Type="Edm.String" MaxLength="18" sap:label="Holder Type"/><Property Name="ZZ1_Collectible_SDI" Type="Edm.String" MaxLength="10" sap:label="Collectible"/><Property Name="ZZ1_CNSTRIK_SDI" Type="Edm.String" MaxLength="2" sap:label="Coin Strike"/><Property Name="ZZ1_Pedigree_SDI" Type="Edm.String" MaxLength="3" sap:label="Pedigree"/><Property Name="ZZ1_LabelType_SDI" Type="Edm.String" MaxLength="15" sap:label="Label Type"/><Property Name="ZZ1_Vareity_SDI" Type="Edm.String" MaxLength="14" sap:label="Vareity"/><Property Name="ZZ1_DETYP_SDI" Type="Edm.String" MaxLength="2" sap:label="Denomination Type"/><Property Name="ZZ1_YEAR_SDI" Type="Edm.String" MaxLength="4" sap:display-format="NonNegative" sap:label="Year"/><Property Name="ZZ1_DENOM_SDI" Type="Edm.String" MaxLength="8" sap:label="Denomination"/><NavigationProperty Name="to_Partner" Relationship="API_SALES_ORDER_SRV.assoc_5EBE73B545500EE6B48597931F7D5C56"
					FromRole="FromRole_assoc_5EBE73B545500EE6B48597931F7D5C56" ToRole="ToRole_assoc_5EBE73B545500EE6B48597931F7D5C56"/><NavigationProperty Name="to_PricingElement" Relationship="API_SALES_ORDER_SRV.assoc_A18E7EFDF1ADD05474B187D10B62BDBF"
					FromRole="FromRole_assoc_A18E7EFDF1ADD05474B187D10B62BDBF" ToRole="ToRole_assoc_A18E7EFDF1ADD05474B187D10B62BDBF"/><NavigationProperty Name="to_SalesOrder" Relationship="API_SALES_ORDER_SRV.assoc_1E8A9B3CA2EE8DAD94F8F581B21EABBD"
					FromRole="FromRole_assoc_1E8A9B3CA2EE8DAD94F8F581B21EABBD" ToRole="ToRole_assoc_1E8A9B3CA2EE8DAD94F8F581B21EABBD"/><NavigationProperty Name="to_ScheduleLine" Relationship="API_SALES_ORDER_SRV.assoc_31BB747044FCC7AA5DA94B21FD458954"
					FromRole="FromRole_assoc_31BB747044FCC7AA5DA94B21FD458954" ToRole="ToRole_assoc_31BB747044FCC7AA5DA94B21FD458954"/><NavigationProperty Name="to_Text" Relationship="API_SALES_ORDER_SRV.assoc_3604F4165550FA74B882A4F3345D936F"
					FromRole="FromRole_assoc_3604F4165550FA74B882A4F3345D936F" ToRole="ToRole_assoc_3604F4165550FA74B882A4F3345D936F"/></EntityType>
			<EntityType Name="A_SalesOrderItemPartnerType" sap:label="Sales Order Item Partner (API)" sap:content-version="1">
				<Key><PropertyRef Name="SalesOrder"/><PropertyRef Name="SalesOrderItem"/><PropertyRef Name="PartnerFunction"/></Key><Property Name="SalesOrder" Type="Edm.String" Nullable="false" MaxLength="10" sap:display-format="UpperCase" sap:label="Sales Order"
					sap:creatable="false" sap:updatable="false"/><Property Name="SalesOrderItem" Type="Edm.String" Nullable="false" MaxLength="6" sap:display-format="NonNegative" sap:label="Item"
					sap:quickinfo="Sales Order Item" sap:creatable="false" sap:updatable="false"/><Property Name="PartnerFunction" Type="Edm.String" Nullable="false" MaxLength="2" sap:display-format="UpperCase"
					sap:label="Partner Function"/><Property Name="Customer" Type="Edm.String" MaxLength="10" sap:display-format="UpperCase" sap:label="Customer"
					sap:quickinfo="Customer Number"/><Property Name="Supplier" Type="Edm.String" MaxLength="10" sap:display-format="UpperCase" sap:label="Vendor"
					sap:quickinfo="Account Number of Vendor or Creditor"/><Property Name="Personnel" Type="Edm.String" MaxLength="8" sap:display-format="NonNegative" sap:label="Personnel Number"/><Property Name="ContactPerson" Type="Edm.String" MaxLength="10" sap:display-format="NonNegative" sap:label="Contact Person"
					sap:quickinfo="Number of contact person"/><NavigationProperty Name="to_SalesOrder" Relationship="API_SALES_ORDER_SRV.assoc_DC6F0BF95AA2ABDAA77BD5D5D7640C00"
					FromRole="FromRole_assoc_DC6F0BF95AA2ABDAA77BD5D5D7640C00" ToRole="ToRole_assoc_DC6F0BF95AA2ABDAA77BD5D5D7640C00"/><NavigationProperty Name="to_SalesOrderItem" Relationship="API_SALES_ORDER_SRV.assoc_2E7827BA025D2DC7290DEA3E71FF39FB"
					FromRole="FromRole_assoc_2E7827BA025D2DC7290DEA3E71FF39FB" ToRole="ToRole_assoc_2E7827BA025D2DC7290DEA3E71FF39FB"/></EntityType>
			<EntityType Name="A_SalesOrderItemPrElementType" sap:label="Sales Order Item Pricing Element (API)" sap:content-version="1">
				<Key><PropertyRef Name="SalesOrder"/><PropertyRef Name="SalesOrderItem"/><PropertyRef Name="PricingProcedureStep"/><PropertyRef Name="PricingProcedureCounter"/></Key><Property Name="SalesOrder" Type="Edm.String" Nullable="false" MaxLength="10" sap:display-format="UpperCase" sap:label="Sales Order"
					sap:creatable="false" sap:updatable="false"/><Property Name="SalesOrderItem" Type="Edm.String" Nullable="false" MaxLength="6" sap:display-format="NonNegative" sap:label="Item"
					sap:quickinfo="Sales Order Item" sap:creatable="false" sap:updatable="false"/><Property Name="PricingProcedureStep" Type="Edm.String" Nullable="false" MaxLength="3" sap:display-format="NonNegative"
					sap:label="Step Number"/><Property Name="PricingProcedureCounter" Type="Edm.String" Nullable="false" MaxLength="3" sap:display-format="NonNegative"
					sap:label="Counter" sap:quickinfo="Condition Counter"/><Property Name="ConditionType" Type="Edm.String" MaxLength="4" sap:display-format="UpperCase" sap:label="Condition type"/><Property Name="PricingDateTime" Type="Edm.String" MaxLength="14" sap:display-format="UpperCase" sap:label="Valid From"
					sap:quickinfo="Timestamp for Pricing" sap:creatable="false" sap:updatable="false"/><Property Name="ConditionCalculationType" Type="Edm.String" MaxLength="3" sap:display-format="UpperCase" sap:label="Calculation Type"
					sap:quickinfo="Calculation Type for Condition" sap:creatable="false" sap:updatable="false"/><Property Name="ConditionBaseValue" Type="Edm.Decimal" Precision="24" Scale="9" sap:label="Basis Value"
					sap:quickinfo="Condition Basis Value" sap:creatable="false" sap:updatable="false"/><Property Name="ConditionRateValue" Type="Edm.Decimal" Precision="24" Scale="9" sap:label="Amount"
					sap:quickinfo="Rate (Amount or Percentage)"/><Property Name="ConditionCurrency" Type="Edm.String" MaxLength="5" sap:label="Currency" sap:quickinfo="Currency Key"
					sap:semantics="currency-code"/><Property Name="ConditionQuantity" Type="Edm.Decimal" Precision="5" Scale="0" sap:unit="ConditionQuantityUnit" sap:label="Pricing Unit"
					sap:quickinfo="Condition Pricing Unit"/><Property Name="ConditionQuantityUnit" Type="Edm.String" MaxLength="3" sap:label="Condition Unit"
					sap:quickinfo="Condition Unit in the Document" sap:semantics="unit-of-measure"/><Property Name="ConditionCategory" Type="Edm.String" MaxLength="1" sap:label="Condition Category"
					sap:quickinfo="Condition Category (Examples: Tax, Freight, Price, Cost)" sap:creatable="false" sap:updatable="false"/><Property Name="ConditionIsForStatistics" Type="Edm.Boolean" sap:display-format="UpperCase" sap:label="Statistical"
					sap:quickinfo="Condition is used for statistics" sap:creatable="false" sap:updatable="false"/><Property Name="PricingScaleType" Type="Edm.String" MaxLength="1" sap:display-format="UpperCase" sap:label="Scale Type"
					sap:creatable="false" sap:updatable="false"/><Property Name="IsRelevantForAccrual" Type="Edm.Boolean" sap:display-format="UpperCase" sap:label="Accruals"
					sap:quickinfo="Condition is Relevant for Accrual (e.g. Freight)" sap:creatable="false" sap:updatable="false"/><Property Name="CndnIsRelevantForInvoiceList" Type="Edm.String" MaxLength="1" sap:display-format="UpperCase" sap:label="Invoice List Cond."
					sap:quickinfo="Condition for Invoice List" sap:creatable="false" sap:updatable="false"/><Property Name="ConditionOrigin" Type="Edm.String" MaxLength="1" sap:display-format="UpperCase" sap:label="Condition Origin"
					sap:quickinfo="Origin of the Condition" sap:creatable="false" sap:updatable="false"/><Property Name="IsGroupCondition" Type="Edm.String" MaxLength="1" sap:display-format="UpperCase" sap:label="Group Condition"
					sap:creatable="false" sap:updatable="false"/><Property Name="ConditionRecord" Type="Edm.String" MaxLength="10" sap:display-format="UpperCase" sap:label="Condition Record No."
					sap:quickinfo="Number of the Condition Record" sap:creatable="false" sap:updatable="false"/><Property Name="ConditionSequentialNumber" Type="Edm.String" MaxLength="3" sap:display-format="NonNegative" sap:label="Sequent.No. of Cond."
					sap:quickinfo="Sequential Number of the Condition" sap:creatable="false" sap:updatable="false"/><Property Name="TaxCode" Type="Edm.String" MaxLength="2" sap:display-format="UpperCase" sap:label="Tax Code"
					sap:quickinfo="Tax on sales/purchases code" sap:creatable="false" sap:updatable="false"/><Property Name="WithholdingTaxCode" Type="Edm.String" MaxLength="2" sap:display-format="UpperCase" sap:label="W/Tax Code"
					sap:quickinfo="Withholding Tax Code" sap:creatable="false" sap:updatable="false"/><Property Name="CndnRoundingOffDiffAmount" Type="Edm.Decimal" Precision="6" Scale="3" sap:unit="TransactionCurrency"
					sap:label="Cond.Rounding Diff." sap:quickinfo="Rounding-Off Difference of the Condition" sap:creatable="false" sap:updatable="false"/><Property Name="ConditionAmount" Type="Edm.Decimal" Precision="16" Scale="3" sap:unit="TransactionCurrency" sap:label="Value"
					sap:quickinfo="Condition Value" sap:creatable="false" sap:updatable="false"/><Property Name="TransactionCurrency" Type="Edm.String" MaxLength="5" sap:label="Document Currency" sap:quickinfo="SD document currency"
					sap:semantics="currency-code"/><Property Name="ConditionControl" Type="Edm.String" MaxLength="1" sap:display-format="UpperCase" sap:label="Condition Control"
					sap:creatable="false" sap:updatable="false"/><Property Name="ConditionInactiveReason" Type="Edm.String" MaxLength="1" sap:display-format="UpperCase" sap:label="Inactive Condition"
					sap:quickinfo="Condition is Inactive" sap:creatable="false" sap:updatable="false"/><Property Name="ConditionClass" Type="Edm.String" MaxLength="1" sap:display-format="UpperCase" sap:label="Condition Class"
					sap:creatable="false" sap:updatable="false"/><Property Name="PrcgProcedureCounterForHeader" Type="Edm.String" MaxLength="3" sap:display-format="NonNegative" sap:label="Counter"
					sap:quickinfo="Condition Counter (Header)" sap:creatable="false" sap:updatable="false"/><Property Name="FactorForConditionBasisValue" Type="Edm.Double" sap:label="Condition Factor" sap:quickinfo="Factor for Condition Base Value"
					sap:creatable="false" sap:updatable="false"/><Property Name="StructureCondition" Type="Edm.String" MaxLength="1" sap:display-format="UpperCase" sap:label="Structure Condition"
					sap:creatable="false" sap:updatable="false"/><Property Name="PeriodFactorForCndnBasisValue" Type="Edm.Double" sap:label="Condition Factor"
					sap:quickinfo="Factor for Condition Basis (Period)" sap:creatable="false" sap:updatable="false"/><Property Name="PricingScaleBasis" Type="Edm.String" MaxLength="3" sap:display-format="UpperCase" sap:label="Scale Basis"
					sap:quickinfo="Scale Basis Indicator" sap:creatable="false" sap:updatable="false"/><Property Name="ConditionScaleBasisValue" Type="Edm.Decimal" Precision="24" Scale="9" sap:label="Scale Basis Value" sap:creatable="false"
					sap:updatable="false"/><Property Name="ConditionScaleBasisUnit" Type="Edm.String" MaxLength="3" sap:label="Scale Unit of Meas."
					sap:quickinfo="Condition Scale Unit of Measure" sap:creatable="false" sap:updatable="false" sap:semantics="unit-of-measure"/><Property Name="ConditionScaleBasisCurrency" Type="Edm.String" MaxLength="5" sap:label="Scale Currency" sap:creatable="false"
					sap:updatable="false" sap:semantics="currency-code"/><Property Name="CndnIsRelevantForIntcoBilling" Type="Edm.Boolean" sap:display-format="UpperCase" sap:label="Intercomp.Billing"
					sap:quickinfo="Condition for Intercompany Billing" sap:creatable="false" sap:updatable="false"/><Property Name="ConditionIsManuallyChanged" Type="Edm.Boolean" sap:display-format="UpperCase" sap:label="Changed Manually"
					sap:quickinfo="Condition Changed Manually" sap:creatable="false" sap:updatable="false"/><Property Name="ConditionIsForConfiguration" Type="Edm.Boolean" sap:display-format="UpperCase" sap:label="UsedforVariantConfig"
					sap:quickinfo="Condition Used for Variant Configuration" sap:creatable="false" sap:updatable="false"/><Property Name="VariantCondition" Type="Edm.String" MaxLength="26" sap:label="Variant Condition" sap:creatable="false" sap:updatable="false"/><NavigationProperty Name="to_SalesOrder" Relationship="API_SALES_ORDER_SRV.assoc_3BF40B19B8B1DF0736F165DBAFECEE42"
					FromRole="FromRole_assoc_3BF40B19B8B1DF0736F165DBAFECEE42" ToRole="ToRole_assoc_3BF40B19B8B1DF0736F165DBAFECEE42"/><NavigationProperty Name="to_SalesOrderItem" Relationship="API_SALES_ORDER_SRV.assoc_0FC12A865A38C45D885A046A7BD1FA20"
					FromRole="FromRole_assoc_0FC12A865A38C45D885A046A7BD1FA20" ToRole="ToRole_assoc_0FC12A865A38C45D885A046A7BD1FA20"/></EntityType>
			<EntityType Name="A_SalesOrderItemTextType" sap:label="Sales Order Item Text (API)" sap:content-version="1">
				<Key><PropertyRef Name="SalesOrder"/><PropertyRef Name="SalesOrderItem"/><PropertyRef Name="Language"/><PropertyRef Name="LongTextID"/></Key><Property Name="SalesOrder" Type="Edm.String" Nullable="false" MaxLength="10" sap:display-format="UpperCase" sap:label="Sales Order"
					sap:creatable="false" sap:updatable="false"/><Property Name="SalesOrderItem" Type="Edm.String" Nullable="false" MaxLength="6" sap:display-format="NonNegative" sap:label="Item"
					sap:quickinfo="Sales Order Item" sap:creatable="false" sap:updatable="false"/><Property Name="Language" Type="Edm.String" Nullable="false" MaxLength="2" sap:label="Language Key"/><Property Name="LongTextID" Type="Edm.String" Nullable="false" MaxLength="4" sap:display-format="UpperCase" sap:label="Text ID"/><Property Name="LongText" Type="Edm.String" sap:label="" sap:quickinfo="String" sap:sortable="false" sap:filterable="false"/><NavigationProperty Name="to_SalesOrder" Relationship="API_SALES_ORDER_SRV.assoc_802E52C3F27DB910494E51738146B8F5"
					FromRole="FromRole_assoc_802E52C3F27DB910494E51738146B8F5" ToRole="ToRole_assoc_802E52C3F27DB910494E51738146B8F5"/><NavigationProperty Name="to_SalesOrderItem" Relationship="API_SALES_ORDER_SRV.assoc_CAC77A6CEA49335D6F6A2CC8AC8469E0"
					FromRole="FromRole_assoc_CAC77A6CEA49335D6F6A2CC8AC8469E0" ToRole="ToRole_assoc_CAC77A6CEA49335D6F6A2CC8AC8469E0"/></EntityType>
			<EntityType Name="A_SalesOrderScheduleLineType" sap:label="Sales Order Schedule Line (API)" sap:content-version="1">
				<Key><PropertyRef Name="SalesOrder"/><PropertyRef Name="SalesOrderItem"/><PropertyRef Name="ScheduleLine"/></Key><Property Name="SalesOrder" Type="Edm.String" Nullable="false" MaxLength="10" sap:display-format="UpperCase" sap:label="Sales document"
					sap:quickinfo="Sales Document" sap:creatable="false" sap:updatable="false"/><Property Name="SalesOrderItem" Type="Edm.String" Nullable="false" MaxLength="6" sap:display-format="NonNegative"
					sap:label="Sales Document Item" sap:creatable="false" sap:updatable="false"/><Property Name="ScheduleLine" Type="Edm.String" Nullable="false" MaxLength="4" sap:display-format="NonNegative"
					sap:label="Schedule line number" sap:quickinfo="Schedule Line Number"/><Property Name="RequestedDeliveryDate" Type="Edm.DateTime" Precision="0" sap:display-format="Date" sap:label="Delivery Date"
					sap:quickinfo="Requested Delivery Date"/><Property Name="ConfirmedDeliveryDate" Type="Edm.DateTime" Precision="0" sap:display-format="Date" sap:label="Delivery Date"
					sap:quickinfo="Confirmed Delivery Date"/><Property Name="OrderQuantityUnit" Type="Edm.String" MaxLength="3" sap:label="Sales unit" sap:semantics="unit-of-measure"/><Property Name="ScheduleLineOrderQuantity" Type="Edm.Decimal" Precision="13" Scale="3" sap:unit="OrderQuantityUnit"
					sap:label="Order Quantity" sap:quickinfo="Order Quantity in Sales Units"/><Property Name="ConfdOrderQtyByMatlAvailCheck" Type="Edm.Decimal" Precision="13" Scale="3" sap:unit="OrderQuantityUnit"
					sap:label="Confirmed Quantity"/><Property Name="DeliveredQtyInOrderQtyUnit" Type="Edm.Decimal" Precision="13" Scale="3" sap:unit="OrderQuantityUnit"
					sap:label="Delivered Quantity"/><Property Name="OpenConfdDelivQtyInOrdQtyUnit" Type="Edm.Decimal" Precision="13" Scale="3" sap:unit="OrderQuantityUnit"
					sap:label="Open Quantity" sap:quickinfo="Open Confirmed Delivery Quantity"/><Property Name="CorrectedQtyInOrderQtyUnit" Type="Edm.Decimal" Precision="13" Scale="3" sap:unit="OrderQuantityUnit" sap:label="Corr.qty"
					sap:quickinfo="Corrected quantity in sales unit"/><Property Name="DelivBlockReasonForSchedLine" Type="Edm.String" MaxLength="2" sap:display-format="UpperCase" sap:label="Delivery Block"
					sap:quickinfo="Schedule Line Blocked for Delivery"/></EntityType>
			<EntityType Name="A_SalesOrderTextType" sap:label="Sales Order Text (API)" sap:content-version="1">
				<Key><PropertyRef Name="SalesOrder"/><PropertyRef Name="Language"/><PropertyRef Name="LongTextID"/></Key><Property Name="SalesOrder" Type="Edm.String" Nullable="false" MaxLength="10" sap:display-format="UpperCase" sap:label="Sales Order"
					sap:creatable="false" sap:updatable="false"/><Property Name="Language" Type="Edm.String" Nullable="false" MaxLength="2" sap:label="Language Key"/><Property Name="LongTextID" Type="Edm.String" Nullable="false" MaxLength="4" sap:display-format="UpperCase" sap:label="Text ID"/><Property Name="LongText" Type="Edm.String" sap:label="" sap:quickinfo="String" sap:sortable="false" sap:filterable="false"/><NavigationProperty Name="to_SalesOrder" Relationship="API_SALES_ORDER_SRV.assoc_9211CD1FA0A3B03DDB30735294259743"
					FromRole="FromRole_assoc_9211CD1FA0A3B03DDB30735294259743" ToRole="ToRole_assoc_9211CD1FA0A3B03DDB30735294259743"/></EntityType>
			<EntityType Name="A_SlsOrdPaymentPlanItemDetailsType" sap:label="Sales Order Payment Plan Item Details (API)" sap:content-version="1">
				<Key><PropertyRef Name="SalesOrder"/><PropertyRef Name="PaymentPlanItem"/></Key><Property Name="SalesOrder" Type="Edm.String" Nullable="false" MaxLength="10" sap:display-format="UpperCase" sap:label="Sales Order"
					sap:creatable="false" sap:updatable="false"/><Property Name="PaymentPlanItem" Type="Edm.String" Nullable="false" MaxLength="6" sap:display-format="NonNegative" sap:label="Item"
					sap:quickinfo="Item for billing plan/invoice plan/payment cards"/><Property Name="PaymentPlan" Type="Edm.String" MaxLength="10" sap:display-format="UpperCase" sap:label="Billing plan no"
					sap:quickinfo="Billing plan number / invoicing plan number" sap:creatable="false" sap:updatable="false"/><Property Name="ElectronicPaymentType" Type="Edm.String" MaxLength="4" sap:display-format="UpperCase" sap:label="EPayt Type"
					sap:quickinfo="Electronic Payment: Payment Type"/><Property Name="ElectronicPayment" Type="Edm.String" MaxLength="25" sap:display-format="UpperCase" sap:label="Account Number"
					sap:quickinfo="Electronic Payment: Account Number"/><Property Name="EPaytValidityStartDate" Type="Edm.DateTime" Precision="0" sap:display-format="Date" sap:label="EPayt Valid from"
					sap:quickinfo="Electronic Payment: Valid from"/><Property Name="EPaytValidityEndDate" Type="Edm.DateTime" Precision="0" sap:display-format="Date" sap:label="EPayt Valid to"
					sap:quickinfo="Electronic Payment: Valid to"/><Property Name="ElectronicPaymentHolderName" Type="Edm.String" MaxLength="40" sap:label="Account Holder"
					sap:quickinfo="Electronic Payment: Name of Account Holder"/><Property Name="AuthorizedAmountInAuthznCrcy" Type="Edm.Decimal" Precision="16" Scale="3" sap:unit="AuthorizationCurrency"
					sap:label="Authorized Amount" sap:quickinfo="Electronic Payment: Authorized Amount"/><Property Name="AuthorizationCurrency" Type="Edm.String" MaxLength="5" sap:label="Currency" sap:quickinfo="Currency Key"
					sap:creatable="false" sap:updatable="false" sap:semantics="currency-code"/><Property Name="AuthorizationByDigitalPaytSrvc" Type="Edm.String" MaxLength="10" sap:display-format="UpperCase" sap:label="Auth. Number"
					sap:quickinfo="Electronic Payment: Authorization Number"/><Property Name="AuthorizationByAcquirer" Type="Edm.String" MaxLength="15" sap:display-format="UpperCase" sap:label="Auth. Ref. Code"
					sap:quickinfo="Electronic Payment: Authorization Reference Code" sap:creatable="false" sap:updatable="false"/><Property Name="AuthorizationDate" Type="Edm.DateTime" Precision="0" sap:display-format="Date" sap:label="EPayt Auth. Date"
					sap:quickinfo="Electronic Payment: Authorization Date" sap:creatable="false" sap:updatable="false"/><Property Name="AuthorizationTime" Type="Edm.Time" Precision="0" sap:label="EPayt Auth. Time"
					sap:quickinfo="Electronic Payment: Authorization Time" sap:creatable="false" sap:updatable="false"/><Property Name="AuthorizationStatusName" Type="Edm.String" MaxLength="40" sap:label="Text" sap:quickinfo="Payment cards: Result text"
					sap:creatable="false" sap:updatable="false"/><Property Name="EPaytByDigitalPaymentSrvc" Type="Edm.String" MaxLength="25" sap:display-format="UpperCase" sap:label="EPayt Token"
					sap:quickinfo="Token for Digital Payment Integration in SD"/><Property Name="ElectronicPaymentCallStatus" Type="Edm.String" MaxLength="1" sap:display-format="UpperCase" sap:label="Call Status"
					sap:quickinfo="Electronic Payment: Call Status" sap:creatable="false" sap:updatable="false"/><Property Name="EPaytAuthorizationResult" Type="Edm.String" MaxLength="1" sap:display-format="UpperCase" sap:label="Rsp to Auth. Check"
					sap:quickinfo="Electronic Payment: Response to Authorization Checks" sap:creatable="false" sap:updatable="false"/><Property Name="EPaytToBeAuthorizedAmount" Type="Edm.Decimal" Precision="16" Scale="3" sap:unit="AuthorizationCurrency"
					sap:label="Amt to Be Auth." sap:quickinfo="Electronic Payment: Amount to Be Authorized" sap:creatable="false" sap:updatable="false"/><Property Name="EPaytAuthorizationIsExpired" Type="Edm.Boolean" sap:display-format="UpperCase" sap:label="Auth. Expired"
					sap:quickinfo="Electronic Payment: Authorization Expired" sap:creatable="false" sap:updatable="false"/><Property Name="EPaytAmountIsChanged" Type="Edm.Boolean" sap:display-format="UpperCase" sap:label="Amount Changed"
					sap:quickinfo="Electronic Payment: Amount Changed" sap:creatable="false" sap:updatable="false"/><Property Name="PreauthorizationIsRequested" Type="Edm.Boolean" sap:display-format="UpperCase" sap:label="Preauthorization"
					sap:quickinfo="Electronic Payment: Preauthorization" sap:creatable="false" sap:updatable="false"/><Property Name="PaymentServiceProvider" Type="Edm.String" MaxLength="4" sap:display-format="UpperCase" sap:label="Paymnt Serv. Provid."
					sap:quickinfo="Payment Service Provider for Digital Payments"/><Property Name="PaymentByPaymentServicePrvdr" Type="Edm.String" MaxLength="40" sap:label="Payment Identifier"
					sap:quickinfo="Digital Payments: Payment ID from Payment Service Provider"/><Property Name="TransactionByPaytSrvcPrvdr" Type="Edm.String" MaxLength="40" sap:label="Transaction ID"
					sap:quickinfo="Digital Payments: Transaction ID from Payment Service Prvdr"/><Property Name="MerchantByClearingHouse" Type="Edm.String" MaxLength="15" sap:display-format="UpperCase" sap:label="Merchant ID"
					sap:quickinfo="Electronic Payment: Merchant ID at Clearing House"/><Property Name="MaximumToBeAuthorizedAmount" Type="Edm.Decimal" Precision="16" Scale="3" sap:unit="AuthorizationCurrency"
					sap:label="Billing Value" sap:quickinfo="Value to be billed/calc. on date in billing/invoice plan"/><Property Name="PaytPlnForAuthorizationItem" Type="Edm.String" MaxLength="10" sap:display-format="UpperCase" sap:label="Higher-level plan"
					sap:quickinfo="Higher-level payment card plan number for billing" sap:creatable="false" sap:updatable="false"/><Property Name="PaytPlnItmForAuthorizationItem" Type="Edm.String" MaxLength="6" sap:display-format="NonNegative"
					sap:label="Higher-level item" sap:quickinfo="Higher-level item in billing plan" sap:creatable="false" sap:updatable="false"/><NavigationProperty Name="to_SalesOrder" Relationship="API_SALES_ORDER_SRV.assoc_11F73D17E966CAF8365A0A85432C45F3"
					FromRole="FromRole_assoc_11F73D17E966CAF8365A0A85432C45F3" ToRole="ToRole_assoc_11F73D17E966CAF8365A0A85432C45F3"/></EntityType>
			<ComplexType Name="FunctionResult"><Property Name="Boolean" Type="Edm.Boolean" Nullable="false" sap:label="Indicator" sap:creatable="false" sap:updatable="false"
				sap:sortable="false" sap:filterable="false"/></ComplexType>
			<Association Name="assoc_3BF40B19B8B1DF0736F165DBAFECEE42" sap:content-version="1"><End Type="API_SALES_ORDER_SRV.A_SalesOrderItemPrElementType" Multiplicity="1" Role="FromRole_assoc_3BF40B19B8B1DF0736F165DBAFECEE42"/><End Type="API_SALES_ORDER_SRV.A_SalesOrderType" Multiplicity="1" Role="ToRole_assoc_3BF40B19B8B1DF0736F165DBAFECEE42"/></Association>
			<Association Name="assoc_0FC12A865A38C45D885A046A7BD1FA20" sap:content-version="1"><End Type="API_SALES_ORDER_SRV.A_SalesOrderItemPrElementType" Multiplicity="1" Role="FromRole_assoc_0FC12A865A38C45D885A046A7BD1FA20"/><End Type="API_SALES_ORDER_SRV.A_SalesOrderItemType" Multiplicity="1" Role="ToRole_assoc_0FC12A865A38C45D885A046A7BD1FA20"/></Association>
			<Association Name="assoc_8F721694C94560109555442071763439" sap:content-version="1"><End Type="API_SALES_ORDER_SRV.A_SalesOrderHeaderPartnerType" Multiplicity="1" Role="FromRole_assoc_8F721694C94560109555442071763439"/><End Type="API_SALES_ORDER_SRV.A_SalesOrderType" Multiplicity="1" Role="ToRole_assoc_8F721694C94560109555442071763439"/></Association>
			<Association Name="assoc_E0F0B75CE5743C11AC56990C6083E0BA" sap:content-version="1"><End Type="API_SALES_ORDER_SRV.A_SalesOrderType" Multiplicity="1" Role="FromRole_assoc_E0F0B75CE5743C11AC56990C6083E0BA"/><End Type="API_SALES_ORDER_SRV.A_SalesOrderHeaderPartnerType" Multiplicity="*" Role="ToRole_assoc_E0F0B75CE5743C11AC56990C6083E0BA"/></Association>
			<Association Name="assoc_44F7AAFBAB4403914DD21D2B054AE91D" sap:content-version="1"><End Type="API_SALES_ORDER_SRV.A_SalesOrderType" Multiplicity="1" Role="FromRole_assoc_44F7AAFBAB4403914DD21D2B054AE91D"/><End Type="API_SALES_ORDER_SRV.A_SlsOrdPaymentPlanItemDetailsType" Multiplicity="*" Role="ToRole_assoc_44F7AAFBAB4403914DD21D2B054AE91D"/></Association>
			<Association Name="assoc_5C52AA5C0E6EBBDD6C9EA9E0A4FFAE21" sap:content-version="1"><End Type="API_SALES_ORDER_SRV.A_SalesOrderType" Multiplicity="1" Role="FromRole_assoc_5C52AA5C0E6EBBDD6C9EA9E0A4FFAE21"/><End Type="API_SALES_ORDER_SRV.A_SalesOrderHeaderPrElementType" Multiplicity="*" Role="ToRole_assoc_5C52AA5C0E6EBBDD6C9EA9E0A4FFAE21"/></Association>
			<Association Name="assoc_D06EF7DEC5E9B78C200493F21B05A94E" sap:content-version="1"><End Type="API_SALES_ORDER_SRV.A_SalesOrderType" Multiplicity="1" Role="FromRole_assoc_D06EF7DEC5E9B78C200493F21B05A94E"/><End Type="API_SALES_ORDER_SRV.A_SalesOrderTextType" Multiplicity="*" Role="ToRole_assoc_D06EF7DEC5E9B78C200493F21B05A94E"/></Association>
			<Association Name="assoc_42CCE6159E335C5B7697EE6BC8D37107" sap:content-version="1"><End Type="API_SALES_ORDER_SRV.A_SalesOrderType" Multiplicity="1" Role="FromRole_assoc_42CCE6159E335C5B7697EE6BC8D37107"/><End Type="API_SALES_ORDER_SRV.A_SalesOrderItemType" Multiplicity="*" Role="ToRole_assoc_42CCE6159E335C5B7697EE6BC8D37107"/></Association>
			<Association Name="assoc_802E52C3F27DB910494E51738146B8F5" sap:content-version="1"><End Type="API_SALES_ORDER_SRV.A_SalesOrderItemTextType" Multiplicity="1" Role="FromRole_assoc_802E52C3F27DB910494E51738146B8F5"/><End Type="API_SALES_ORDER_SRV.A_SalesOrderType" Multiplicity="1" Role="ToRole_assoc_802E52C3F27DB910494E51738146B8F5"/></Association>
			<Association Name="assoc_CAC77A6CEA49335D6F6A2CC8AC8469E0" sap:content-version="1"><End Type="API_SALES_ORDER_SRV.A_SalesOrderItemTextType" Multiplicity="1" Role="FromRole_assoc_CAC77A6CEA49335D6F6A2CC8AC8469E0"/><End Type="API_SALES_ORDER_SRV.A_SalesOrderItemType" Multiplicity="1" Role="ToRole_assoc_CAC77A6CEA49335D6F6A2CC8AC8469E0"/></Association>
			<Association Name="assoc_DC6F0BF95AA2ABDAA77BD5D5D7640C00" sap:content-version="1"><End Type="API_SALES_ORDER_SRV.A_SalesOrderItemPartnerType" Multiplicity="1" Role="FromRole_assoc_DC6F0BF95AA2ABDAA77BD5D5D7640C00"/><End Type="API_SALES_ORDER_SRV.A_SalesOrderType" Multiplicity="1" Role="ToRole_assoc_DC6F0BF95AA2ABDAA77BD5D5D7640C00"/></Association>
			<Association Name="assoc_2E7827BA025D2DC7290DEA3E71FF39FB" sap:content-version="1"><End Type="API_SALES_ORDER_SRV.A_SalesOrderItemPartnerType" Multiplicity="1" Role="FromRole_assoc_2E7827BA025D2DC7290DEA3E71FF39FB"/><End Type="API_SALES_ORDER_SRV.A_SalesOrderItemType" Multiplicity="1" Role="ToRole_assoc_2E7827BA025D2DC7290DEA3E71FF39FB"/></Association>
			<Association Name="assoc_9211CD1FA0A3B03DDB30735294259743" sap:content-version="1"><End Type="API_SALES_ORDER_SRV.A_SalesOrderTextType" Multiplicity="1" Role="FromRole_assoc_9211CD1FA0A3B03DDB30735294259743"/><End Type="API_SALES_ORDER_SRV.A_SalesOrderType" Multiplicity="1" Role="ToRole_assoc_9211CD1FA0A3B03DDB30735294259743"/></Association>
			<Association Name="assoc_5EBE73B545500EE6B48597931F7D5C56" sap:content-version="1"><End Type="API_SALES_ORDER_SRV.A_SalesOrderItemType" Multiplicity="1" Role="FromRole_assoc_5EBE73B545500EE6B48597931F7D5C56"/><End Type="API_SALES_ORDER_SRV.A_SalesOrderItemPartnerType" Multiplicity="*" Role="ToRole_assoc_5EBE73B545500EE6B48597931F7D5C56"/></Association>
			<Association Name="assoc_A18E7EFDF1ADD05474B187D10B62BDBF" sap:content-version="1"><End Type="API_SALES_ORDER_SRV.A_SalesOrderItemType" Multiplicity="1" Role="FromRole_assoc_A18E7EFDF1ADD05474B187D10B62BDBF"/><End Type="API_SALES_ORDER_SRV.A_SalesOrderItemPrElementType" Multiplicity="*" Role="ToRole_assoc_A18E7EFDF1ADD05474B187D10B62BDBF"/></Association>
			<Association Name="assoc_1E8A9B3CA2EE8DAD94F8F581B21EABBD" sap:content-version="1"><End Type="API_SALES_ORDER_SRV.A_SalesOrderItemType" Multiplicity="1" Role="FromRole_assoc_1E8A9B3CA2EE8DAD94F8F581B21EABBD"/><End Type="API_SALES_ORDER_SRV.A_SalesOrderType" Multiplicity="1" Role="ToRole_assoc_1E8A9B3CA2EE8DAD94F8F581B21EABBD"/></Association>
			<Association Name="assoc_31BB747044FCC7AA5DA94B21FD458954" sap:content-version="1"><End Type="API_SALES_ORDER_SRV.A_SalesOrderItemType" Multiplicity="1" Role="FromRole_assoc_31BB747044FCC7AA5DA94B21FD458954"/><End Type="API_SALES_ORDER_SRV.A_SalesOrderScheduleLineType" Multiplicity="*" Role="ToRole_assoc_31BB747044FCC7AA5DA94B21FD458954"/></Association>
			<Association Name="assoc_3604F4165550FA74B882A4F3345D936F" sap:content-version="1"><End Type="API_SALES_ORDER_SRV.A_SalesOrderItemType" Multiplicity="1" Role="FromRole_assoc_3604F4165550FA74B882A4F3345D936F"/><End Type="API_SALES_ORDER_SRV.A_SalesOrderItemTextType" Multiplicity="*" Role="ToRole_assoc_3604F4165550FA74B882A4F3345D936F"/></Association>
			<Association Name="assoc_11F73D17E966CAF8365A0A85432C45F3" sap:content-version="1"><End Type="API_SALES_ORDER_SRV.A_SlsOrdPaymentPlanItemDetailsType" Multiplicity="1" Role="FromRole_assoc_11F73D17E966CAF8365A0A85432C45F3"/><End Type="API_SALES_ORDER_SRV.A_SalesOrderType" Multiplicity="1" Role="ToRole_assoc_11F73D17E966CAF8365A0A85432C45F3"/></Association>
			<Association Name="assoc_C516ABBC5925268953A9AC7D6F836887" sap:content-version="1"><End Type="API_SALES_ORDER_SRV.A_SalesOrderHeaderPrElementType" Multiplicity="1" Role="FromRole_assoc_C516ABBC5925268953A9AC7D6F836887"/><End Type="API_SALES_ORDER_SRV.A_SalesOrderType" Multiplicity="1" Role="ToRole_assoc_C516ABBC5925268953A9AC7D6F836887"/></Association>
			<EntityContainer Name="API_SALES_ORDER_SRV_Entities" m:IsDefaultEntityContainer="true" sap:message-scope-supported="true"
				sap:supported-formats="atom json xlsx"><EntitySet Name="A_SalesOrder" EntityType="API_SALES_ORDER_SRV.A_SalesOrderType" sap:content-version="1"/><EntitySet Name="A_SalesOrderHeaderPartner" EntityType="API_SALES_ORDER_SRV.A_SalesOrderHeaderPartnerType" sap:creatable="false"
				sap:content-version="1"/><EntitySet Name="A_SalesOrderHeaderPrElement" EntityType="API_SALES_ORDER_SRV.A_SalesOrderHeaderPrElementType" sap:creatable="false"
				sap:content-version="1"/><EntitySet Name="A_SalesOrderItem" EntityType="API_SALES_ORDER_SRV.A_SalesOrderItemType" sap:content-version="1"/><EntitySet Name="A_SalesOrderItemPartner" EntityType="API_SALES_ORDER_SRV.A_SalesOrderItemPartnerType" sap:creatable="false"
				sap:content-version="1"/><EntitySet Name="A_SalesOrderItemPrElement" EntityType="API_SALES_ORDER_SRV.A_SalesOrderItemPrElementType" sap:creatable="false"
				sap:content-version="1"/><EntitySet Name="A_SalesOrderItemText" EntityType="API_SALES_ORDER_SRV.A_SalesOrderItemTextType" sap:creatable="false"
				sap:content-version="1"/><EntitySet Name="A_SalesOrderScheduleLine" EntityType="API_SALES_ORDER_SRV.A_SalesOrderScheduleLineType" sap:creatable="false"
				sap:updatable="false" sap:deletable="false" sap:content-version="1"/><EntitySet Name="A_SalesOrderText" EntityType="API_SALES_ORDER_SRV.A_SalesOrderTextType" sap:creatable="false" sap:content-version="1"/><EntitySet Name="A_SlsOrdPaymentPlanItemDetails" EntityType="API_SALES_ORDER_SRV.A_SlsOrdPaymentPlanItemDetailsType" sap:creatable="false"
				sap:content-version="1"/>
				<AssociationSet Name="assoc_802E52C3F27DB910494E51738146B8F5" Association="API_SALES_ORDER_SRV.assoc_802E52C3F27DB910494E51738146B8F5"
					sap:creatable="false" sap:updatable="false" sap:deletable="false" sap:content-version="1"><End EntitySet="A_SalesOrderItemText" Role="FromRole_assoc_802E52C3F27DB910494E51738146B8F5"/><End EntitySet="A_SalesOrder" Role="ToRole_assoc_802E52C3F27DB910494E51738146B8F5"/></AssociationSet>
				<AssociationSet Name="assoc_8F721694C94560109555442071763439" Association="API_SALES_ORDER_SRV.assoc_8F721694C94560109555442071763439"
					sap:creatable="false" sap:updatable="false" sap:deletable="false" sap:content-version="1"><End EntitySet="A_SalesOrderHeaderPartner" Role="FromRole_assoc_8F721694C94560109555442071763439"/><End EntitySet="A_SalesOrder" Role="ToRole_assoc_8F721694C94560109555442071763439"/></AssociationSet>
				<AssociationSet Name="assoc_DC6F0BF95AA2ABDAA77BD5D5D7640C00" Association="API_SALES_ORDER_SRV.assoc_DC6F0BF95AA2ABDAA77BD5D5D7640C00"
					sap:creatable="false" sap:updatable="false" sap:deletable="false" sap:content-version="1"><End EntitySet="A_SalesOrderItemPartner" Role="FromRole_assoc_DC6F0BF95AA2ABDAA77BD5D5D7640C00"/><End EntitySet="A_SalesOrder" Role="ToRole_assoc_DC6F0BF95AA2ABDAA77BD5D5D7640C00"/></AssociationSet>
				<AssociationSet Name="assoc_1E8A9B3CA2EE8DAD94F8F581B21EABBD" Association="API_SALES_ORDER_SRV.assoc_1E8A9B3CA2EE8DAD94F8F581B21EABBD"
					sap:creatable="false" sap:updatable="false" sap:deletable="false" sap:content-version="1"><End EntitySet="A_SalesOrderItem" Role="FromRole_assoc_1E8A9B3CA2EE8DAD94F8F581B21EABBD"/><End EntitySet="A_SalesOrder" Role="ToRole_assoc_1E8A9B3CA2EE8DAD94F8F581B21EABBD"/></AssociationSet>
				<AssociationSet Name="assoc_2E7827BA025D2DC7290DEA3E71FF39FB" Association="API_SALES_ORDER_SRV.assoc_2E7827BA025D2DC7290DEA3E71FF39FB"
					sap:creatable="false" sap:updatable="false" sap:deletable="false" sap:content-version="1"><End EntitySet="A_SalesOrderItemPartner" Role="FromRole_assoc_2E7827BA025D2DC7290DEA3E71FF39FB"/><End EntitySet="A_SalesOrderItem" Role="ToRole_assoc_2E7827BA025D2DC7290DEA3E71FF39FB"/></AssociationSet>
				<AssociationSet Name="assoc_A18E7EFDF1ADD05474B187D10B62BDBF" Association="API_SALES_ORDER_SRV.assoc_A18E7EFDF1ADD05474B187D10B62BDBF"
					sap:creatable="false" sap:updatable="false" sap:deletable="false" sap:content-version="1"><End EntitySet="A_SalesOrderItem" Role="FromRole_assoc_A18E7EFDF1ADD05474B187D10B62BDBF"/><End EntitySet="A_SalesOrderItemPrElement" Role="ToRole_assoc_A18E7EFDF1ADD05474B187D10B62BDBF"/></AssociationSet>
				<AssociationSet Name="assoc_42CCE6159E335C5B7697EE6BC8D37107" Association="API_SALES_ORDER_SRV.assoc_42CCE6159E335C5B7697EE6BC8D37107"
					sap:creatable="false" sap:updatable="false" sap:deletable="false" sap:content-version="1"><End EntitySet="A_SalesOrder" Role="FromRole_assoc_42CCE6159E335C5B7697EE6BC8D37107"/><End EntitySet="A_SalesOrderItem" Role="ToRole_assoc_42CCE6159E335C5B7697EE6BC8D37107"/></AssociationSet>
				<AssociationSet Name="assoc_0FC12A865A38C45D885A046A7BD1FA20" Association="API_SALES_ORDER_SRV.assoc_0FC12A865A38C45D885A046A7BD1FA20"
					sap:creatable="false" sap:updatable="false" sap:deletable="false" sap:content-version="1"><End EntitySet="A_SalesOrderItemPrElement" Role="FromRole_assoc_0FC12A865A38C45D885A046A7BD1FA20"/><End EntitySet="A_SalesOrderItem" Role="ToRole_assoc_0FC12A865A38C45D885A046A7BD1FA20"/></AssociationSet>
				<AssociationSet Name="assoc_D06EF7DEC5E9B78C200493F21B05A94E" Association="API_SALES_ORDER_SRV.assoc_D06EF7DEC5E9B78C200493F21B05A94E"
					sap:creatable="false" sap:updatable="false" sap:deletable="false" sap:content-version="1"><End EntitySet="A_SalesOrder" Role="FromRole_assoc_D06EF7DEC5E9B78C200493F21B05A94E"/><End EntitySet="A_SalesOrderText" Role="ToRole_assoc_D06EF7DEC5E9B78C200493F21B05A94E"/></AssociationSet>
				<AssociationSet Name="assoc_5C52AA5C0E6EBBDD6C9EA9E0A4FFAE21" Association="API_SALES_ORDER_SRV.assoc_5C52AA5C0E6EBBDD6C9EA9E0A4FFAE21"
					sap:creatable="false" sap:updatable="false" sap:deletable="false" sap:content-version="1"><End EntitySet="A_SalesOrder" Role="FromRole_assoc_5C52AA5C0E6EBBDD6C9EA9E0A4FFAE21"/><End EntitySet="A_SalesOrderHeaderPrElement" Role="ToRole_assoc_5C52AA5C0E6EBBDD6C9EA9E0A4FFAE21"/></AssociationSet>
				<AssociationSet Name="assoc_3BF40B19B8B1DF0736F165DBAFECEE42" Association="API_SALES_ORDER_SRV.assoc_3BF40B19B8B1DF0736F165DBAFECEE42"
					sap:creatable="false" sap:updatable="false" sap:deletable="false" sap:content-version="1"><End EntitySet="A_SalesOrderItemPrElement" Role="FromRole_assoc_3BF40B19B8B1DF0736F165DBAFECEE42"/><End EntitySet="A_SalesOrder" Role="ToRole_assoc_3BF40B19B8B1DF0736F165DBAFECEE42"/></AssociationSet>
				<AssociationSet Name="assoc_3604F4165550FA74B882A4F3345D936F" Association="API_SALES_ORDER_SRV.assoc_3604F4165550FA74B882A4F3345D936F"
					sap:creatable="false" sap:updatable="false" sap:deletable="false" sap:content-version="1"><End EntitySet="A_SalesOrderItem" Role="FromRole_assoc_3604F4165550FA74B882A4F3345D936F"/><End EntitySet="A_SalesOrderItemText" Role="ToRole_assoc_3604F4165550FA74B882A4F3345D936F"/></AssociationSet>
				<AssociationSet Name="assoc_31BB747044FCC7AA5DA94B21FD458954" Association="API_SALES_ORDER_SRV.assoc_31BB747044FCC7AA5DA94B21FD458954"
					sap:creatable="false" sap:updatable="false" sap:deletable="false" sap:content-version="1"><End EntitySet="A_SalesOrderItem" Role="FromRole_assoc_31BB747044FCC7AA5DA94B21FD458954"/><End EntitySet="A_SalesOrderScheduleLine" Role="ToRole_assoc_31BB747044FCC7AA5DA94B21FD458954"/></AssociationSet>
				<AssociationSet Name="assoc_44F7AAFBAB4403914DD21D2B054AE91D" Association="API_SALES_ORDER_SRV.assoc_44F7AAFBAB4403914DD21D2B054AE91D"
					sap:creatable="false" sap:updatable="false" sap:deletable="false" sap:content-version="1"><End EntitySet="A_SalesOrder" Role="FromRole_assoc_44F7AAFBAB4403914DD21D2B054AE91D"/><End EntitySet="A_SlsOrdPaymentPlanItemDetails" Role="ToRole_assoc_44F7AAFBAB4403914DD21D2B054AE91D"/></AssociationSet>
				<AssociationSet Name="assoc_CAC77A6CEA49335D6F6A2CC8AC8469E0" Association="API_SALES_ORDER_SRV.assoc_CAC77A6CEA49335D6F6A2CC8AC8469E0"
					sap:creatable="false" sap:updatable="false" sap:deletable="false" sap:content-version="1"><End EntitySet="A_SalesOrderItemText" Role="FromRole_assoc_CAC77A6CEA49335D6F6A2CC8AC8469E0"/><End EntitySet="A_SalesOrderItem" Role="ToRole_assoc_CAC77A6CEA49335D6F6A2CC8AC8469E0"/></AssociationSet>
				<AssociationSet Name="assoc_11F73D17E966CAF8365A0A85432C45F3" Association="API_SALES_ORDER_SRV.assoc_11F73D17E966CAF8365A0A85432C45F3"
					sap:creatable="false" sap:updatable="false" sap:deletable="false" sap:content-version="1"><End EntitySet="A_SlsOrdPaymentPlanItemDetails" Role="FromRole_assoc_11F73D17E966CAF8365A0A85432C45F3"/><End EntitySet="A_SalesOrder" Role="ToRole_assoc_11F73D17E966CAF8365A0A85432C45F3"/></AssociationSet>
				<AssociationSet Name="assoc_C516ABBC5925268953A9AC7D6F836887" Association="API_SALES_ORDER_SRV.assoc_C516ABBC5925268953A9AC7D6F836887"
					sap:creatable="false" sap:updatable="false" sap:deletable="false" sap:content-version="1"><End EntitySet="A_SalesOrderHeaderPrElement" Role="FromRole_assoc_C516ABBC5925268953A9AC7D6F836887"/><End EntitySet="A_SalesOrder" Role="ToRole_assoc_C516ABBC5925268953A9AC7D6F836887"/></AssociationSet>
				<AssociationSet Name="assoc_E0F0B75CE5743C11AC56990C6083E0BA" Association="API_SALES_ORDER_SRV.assoc_E0F0B75CE5743C11AC56990C6083E0BA"
					sap:creatable="false" sap:updatable="false" sap:deletable="false" sap:content-version="1"><End EntitySet="A_SalesOrder" Role="FromRole_assoc_E0F0B75CE5743C11AC56990C6083E0BA"/><End EntitySet="A_SalesOrderHeaderPartner" Role="ToRole_assoc_E0F0B75CE5743C11AC56990C6083E0BA"/></AssociationSet>
				<AssociationSet Name="assoc_9211CD1FA0A3B03DDB30735294259743" Association="API_SALES_ORDER_SRV.assoc_9211CD1FA0A3B03DDB30735294259743"
					sap:creatable="false" sap:updatable="false" sap:deletable="false" sap:content-version="1"><End EntitySet="A_SalesOrderText" Role="FromRole_assoc_9211CD1FA0A3B03DDB30735294259743"/><End EntitySet="A_SalesOrder" Role="ToRole_assoc_9211CD1FA0A3B03DDB30735294259743"/></AssociationSet>
				<AssociationSet Name="assoc_5EBE73B545500EE6B48597931F7D5C56" Association="API_SALES_ORDER_SRV.assoc_5EBE73B545500EE6B48597931F7D5C56"
					sap:creatable="false" sap:updatable="false" sap:deletable="false" sap:content-version="1"><End EntitySet="A_SalesOrderItem" Role="FromRole_assoc_5EBE73B545500EE6B48597931F7D5C56"/><End EntitySet="A_SalesOrderItemPartner" Role="ToRole_assoc_5EBE73B545500EE6B48597931F7D5C56"/></AssociationSet>
				<FunctionImport Name="rejectApprovalRequest" ReturnType="API_SALES_ORDER_SRV.FunctionResult" m:HttpMethod="POST"><Parameter Name="SalesOrder" Type="Edm.String" Mode="In" MaxLength="11000"/></FunctionImport>
				<FunctionImport Name="releaseApprovalRequest" ReturnType="API_SALES_ORDER_SRV.FunctionResult" m:HttpMethod="POST"><Parameter Name="SalesOrder" Type="Edm.String" Mode="In" MaxLength="11000"/></FunctionImport>
			</EntityContainer>
			<Annotations xmlns="http://docs.oasis-open.org/odata/ns/edm" Target="API_SALES_ORDER_SRV.API_SALES_ORDER_SRV_Entities">
				<Annotation Term="Aggregation.ApplySupported">
					<Record>
						<PropertyValue Property="Transformations">
							<Collection>
								<String>aggregate</String>
								<String>groupby</String>
								<String>filter</String>
							</Collection>
						</PropertyValue><PropertyValue Property="Rollup" EnumMember="None"/></Record>
				</Annotation>
			</Annotations>
			<Annotations xmlns="http://docs.oasis-open.org/odata/ns/edm" Target="API_SALES_ORDER_SRV.API_SALES_ORDER_SRV_Entities/A_SalesOrderItemText">
				<Annotation Term="Capabilities.FilterRestrictions">
					<Record>
						<PropertyValue Property="NonFilterableProperties">
							<Collection>
								<PropertyPath>LongText</PropertyPath>
							</Collection>
						</PropertyValue>
						<PropertyValue Property="FilterExpressionRestrictions">
							<Collection>
								<Record><PropertyValue Property="Property" PropertyPath="LongText"/><PropertyValue Property="AllowedExpressions" String="SearchExpression"/></Record>
							</Collection>
						</PropertyValue>
					</Record>
				</Annotation>
				<Annotation Term="Capabilities.SortRestrictions">
					<Record>
						<PropertyValue Property="NonSortableProperties">
							<Collection>
								<PropertyPath>LongText</PropertyPath>
								<PropertyPath>LongText</PropertyPath>
							</Collection>
						</PropertyValue>
					</Record>
				</Annotation>
			</Annotations>
			<Annotations xmlns="http://docs.oasis-open.org/odata/ns/edm" Target="API_SALES_ORDER_SRV.API_SALES_ORDER_SRV_Entities/A_SalesOrderText">
				<Annotation Term="Capabilities.FilterRestrictions">
					<Record>
						<PropertyValue Property="NonFilterableProperties">
							<Collection>
								<PropertyPath>LongText</PropertyPath>
							</Collection>
						</PropertyValue>
						<PropertyValue Property="FilterExpressionRestrictions">
							<Collection>
								<Record><PropertyValue Property="Property" PropertyPath="LongText"/><PropertyValue Property="AllowedExpressions" String="SearchExpression"/></Record>
							</Collection>
						</PropertyValue>
					</Record>
				</Annotation>
				<Annotation Term="Capabilities.SortRestrictions">
					<Record>
						<PropertyValue Property="NonSortableProperties">
							<Collection>
								<PropertyPath>LongText</PropertyPath>
								<PropertyPath>LongText</PropertyPath>
							</Collection>
						</PropertyValue>
					</Record>
				</Annotation>
			</Annotations>
			<Annotations xmlns="http://docs.oasis-open.org/odata/ns/edm"
				Target="API_SALES_ORDER_SRV.API_SALES_ORDER_SRV_Entities/A_SalesOrderValAddedSrvc">
				<Annotation Term="Capabilities.FilterRestrictions">
					<Record>
						<PropertyValue Property="NonFilterableProperties">
							<Collection>
								<PropertyPath>ValueAddedServiceLongText</PropertyPath>
							</Collection>
						</PropertyValue>
					</Record>
				</Annotation>
				<Annotation Term="Capabilities.SortRestrictions">
					<Record>
						<PropertyValue Property="NonSortableProperties">
							<Collection>
								<PropertyPath>ValueAddedServiceLongText</PropertyPath>
							</Collection>
						</PropertyValue>
					</Record>
				</Annotation>
			</Annotations><atom:link xmlns:atom="http://www.w3.org/2005/Atom" rel="self" href="./sap/API_SALES_ORDER_SRV/$metadata"/><atom:link xmlns:atom="http://www.w3.org/2005/Atom" rel="latest-version" href="./sap/API_SALES_ORDER_SRV/$metadata"/></Schema>
	</edmx:DataServices>
</edmx:Edmx>