<edmx:Edmx xmlns:edmx="http://schemas.microsoft.com/ado/2007/06/edmx"
	xmlns:m="http://schemas.microsoft.com/ado/2007/08/dataservices/metadata" xmlns:sap="http://www.sap.com/Protocols/SAPData" Version="1.0">
	<edmx:Reference xmlns:edmx="http://docs.oasis-open.org/odata/ns/edmx"
		Uri="./IWFND/CATALOGSERVICE;v=2/Vocabularies(TechnicalName='%2FIWBEP%2FVOC_COMMON',Version='0001',SAP__Origin='S4HANA')/$value"><edmx:Include Namespace="com.sap.vocabularies.Common.v1" Alias="Common"/></edmx:Reference>
	<edmx:Reference xmlns:edmx="http://docs.oasis-open.org/odata/ns/edmx"
		Uri="./IWFND/CATALOGSERVICE;v=2/Vocabularies(TechnicalName='%2FIWBEP%2FVOC_CAPABILITIES',Version='0001',SAP__Origin='S4HANA')/$value"><edmx:Include Namespace="Org.OData.Capabilities.V1" Alias="Capabilities"/></edmx:Reference>
	<edmx:Reference xmlns:edmx="http://docs.oasis-open.org/odata/ns/edmx"
		Uri="./IWFND/CATALOGSERVICE;v=2/Vocabularies(TechnicalName='%2FIWBEP%2FVOC_COMMUNICATION',Version='0001',SAP__Origin='S4HANA')/$value"><edmx:Include Namespace="com.sap.vocabularies.Communication.v1" Alias="Communication"/></edmx:Reference>
	<edmx:Reference xmlns:edmx="http://docs.oasis-open.org/odata/ns/edmx"
		Uri="./IWFND/CATALOGSERVICE;v=2/Vocabularies(TechnicalName='%2FIWBEP%2FVOC_AGGREGATION',Version='0001',SAP__Origin='S4HANA')/$value"><edmx:Include Namespace="Org.OData.Aggregation.V1" Alias="Aggregation"/></edmx:Reference>
	<edmx:Reference xmlns:edmx="http://docs.oasis-open.org/odata/ns/edmx"
		Uri="./IWFND/CATALOGSERVICE;v=2/Vocabularies(TechnicalName='%2FIWBEP%2FVOC_PERSONALDATA',Version='0001',SAP__Origin='S4HANA')/$value"><edmx:Include Namespace="com.sap.vocabularies.PersonalData.v1" Alias="PersonalData"/></edmx:Reference>
	<edmx:DataServices m:DataServiceVersion="2.0">
		<Schema xmlns="http://schemas.microsoft.com/ado/2008/09/edm" Namespace="ZGW_VERIFY_PROCESS_SRV" xml:lang="en" sap:schema-version="1">
			<EntityType Name="ZCDSV_QALS_QAMVType" sap:label="Verification Process - Get Inspection Lot for Sales Order" sap:content-version="1">
				<Key><PropertyRef Name="InspectionLotNumber"/></Key><Property Name="InspectionLotNumber" Type="Edm.String" Nullable="false" MaxLength="12" sap:display-format="NonNegative"
					sap:label="Inspection Lot" sap:quickinfo="Inspection Lot Number"/><Property Name="Plant" Type="Edm.String" MaxLength="4" sap:display-format="UpperCase" sap:label="Plant"/><Property Name="InspectionType" Type="Edm.String" MaxLength="8" sap:display-format="UpperCase" sap:label="Inspection Type"/><Property Name="SalesOrder" Type="Edm.String" MaxLength="10" sap:display-format="UpperCase" sap:label="Sales order"
					sap:quickinfo="Sales order number of valuated sales order stock"/><Property Name="SalesOrderItem" Type="Edm.String" MaxLength="6" sap:display-format="NonNegative" sap:label="Sales order item"
					sap:quickinfo="Sales Order Item of Valuated Sales Order Stock"/><Property Name="MovementType" Type="Edm.String" MaxLength="3" sap:display-format="UpperCase" sap:label="Movement type"
					sap:quickinfo="Movement type (inventory management)"/><Property Name="InspCharac" Type="Edm.String" MaxLength="4" sap:display-format="NonNegative" sap:label="Insp. Characteristic"
					sap:quickinfo="Inspection Characteristic Number"/><Property Name="InspCatalogPlant" Type="Edm.String" MaxLength="4" sap:display-format="UpperCase" sap:label="Plant"
					sap:quickinfo="Plant of the Assigned Selected Set"/><Property Name="GCoinType" Type="Edm.String" MaxLength="4" sap:display-format="UpperCase" sap:label="Code"/><Property Name="GCoinStrike" Type="Edm.String" MaxLength="4" sap:display-format="UpperCase" sap:label="Code"/><Property Name="GCoinGrade" Type="Edm.String" MaxLength="4" sap:display-format="UpperCase" sap:label="Code"/><Property Name="GStarGradeCoin" Type="Edm.String" MaxLength="4" sap:display-format="UpperCase" sap:label="Code"/><Property Name="GPlusGradeCoin" Type="Edm.String" MaxLength="4" sap:display-format="UpperCase" sap:label="Code"/><Property Name="GCoinStrikeCharacters" Type="Edm.String" MaxLength="4" sap:display-format="UpperCase" sap:label="Code"/><Property Name="VYear" Type="Edm.String" MaxLength="4" sap:display-format="UpperCase" sap:label="Code"/><Property Name="VYearOper" Type="Edm.String" MaxLength="4"/><Property Name="VMintMark" Type="Edm.String" MaxLength="4" sap:display-format="UpperCase" sap:label="Code"/><Property Name="VMintMarkOper" Type="Edm.String" MaxLength="4"/><Property Name="VDenomination" Type="Edm.String" MaxLength="4" sap:display-format="UpperCase" sap:label="Code"/><Property Name="VDenomOper" Type="Edm.String" MaxLength="4"/><Property Name="VDenominationCurrencyType" Type="Edm.String" MaxLength="4" sap:display-format="UpperCase" sap:label="Code"/><Property Name="VDenomCurrTypeOper" Type="Edm.String" MaxLength="4"/><Property Name="VPedigree" Type="Edm.String" MaxLength="4" sap:display-format="UpperCase" sap:label="Code"/><Property Name="VPedigreeOper" Type="Edm.String" MaxLength="4"/><Property Name="VCoinStrikeTypes" Type="Edm.String" MaxLength="4" sap:display-format="UpperCase" sap:label="Code"/><Property Name="VCoinStrikeTypesOper" Type="Edm.String" MaxLength="4"/></EntityType>
			<EntityType Name="ZCDSV_QPAC_QPCDType" sap:label="Verification - Get Catalogs" sap:content-version="1">
				<Key><PropertyRef Name="CodeGroup"/><PropertyRef Name="inspCode"/></Key><Property Name="CodeGroup" Type="Edm.String" Nullable="false" MaxLength="8" sap:display-format="UpperCase" sap:label="Code Group"/><Property Name="inspCode" Type="Edm.String" Nullable="false" MaxLength="4" sap:display-format="UpperCase" sap:label="Code"/><Property Name="Plant" Type="Edm.String" MaxLength="4" sap:display-format="UpperCase" sap:label="Plant"/><Property Name="CatalogType" Type="Edm.String" MaxLength="1" sap:display-format="UpperCase" sap:label="Catalog"/><Property Name="CatalogText" Type="Edm.String" MaxLength="40" sap:label="Short Text for Code"/></EntityType>
			<EntityType Name="zc_qm_verificationType" sap:label="Inspection Lot Verification" sap:content-version="1">
				<Key><PropertyRef Name="InspectionLotNumber"/></Key><Property Name="InspectionLotNumber" Type="Edm.String" Nullable="false" MaxLength="12" sap:display-format="NonNegative"
					sap:label="Inspection Lot" sap:quickinfo="Inspection Lot Number"/><Property Name="SalesOrder" Type="Edm.String" MaxLength="10" sap:display-format="UpperCase" sap:label="Sales document"
					sap:quickinfo="Sales Document"/><Property Name="SalesOrderItem" Type="Edm.String" MaxLength="6" sap:display-format="NonNegative" sap:label="Sales order item"
					sap:quickinfo="Sales Order Item of Valuated Sales Order Stock"/><Property Name="Material" Type="Edm.String" MaxLength="40" sap:display-format="UpperCase" sap:label="Material"
					sap:quickinfo="Material Number"/><Property Name="VYear" Type="Edm.String" MaxLength="4" sap:display-format="UpperCase" sap:label="Code"/><Property Name="VYearOper" Type="Edm.String" MaxLength="4"/><Property Name="VMintMark" Type="Edm.String" MaxLength="4" sap:display-format="UpperCase" sap:label="Code"/><Property Name="VMintMarkOper" Type="Edm.String" MaxLength="4"/><Property Name="VDenomination" Type="Edm.String" MaxLength="4" sap:display-format="UpperCase" sap:label="Code"/><Property Name="VDenomOper" Type="Edm.String" MaxLength="4"/><Property Name="VDenominationCurrencyType" Type="Edm.String" MaxLength="4" sap:display-format="UpperCase" sap:label="Code"/><Property Name="VDenomCurrTypeOper" Type="Edm.String" MaxLength="4"/><Property Name="VPedigree" Type="Edm.String" MaxLength="4" sap:display-format="UpperCase" sap:label="Code"/><Property Name="VPedigreeOper" Type="Edm.String" MaxLength="4"/><Property Name="VCoinStrikeTypes" Type="Edm.String" MaxLength="4"/><Property Name="VCoinStrikeTypesOper" Type="Edm.String" MaxLength="4"/><NavigationProperty Name="to_inspLotDetails" Relationship="ZGW_VERIFY_PROCESS_SRV.assoc_595AC56C4D92896EEC9FD1B3E77D2412"
					FromRole="FromRole_assoc_595AC56C4D92896EEC9FD1B3E77D2412" ToRole="ToRole_assoc_595AC56C4D92896EEC9FD1B3E77D2412"/></EntityType>
			<Association Name="assoc_595AC56C4D92896EEC9FD1B3E77D2412" sap:content-version="1"><End Type="ZGW_VERIFY_PROCESS_SRV.zc_qm_verificationType" Multiplicity="1" Role="FromRole_assoc_595AC56C4D92896EEC9FD1B3E77D2412"/><End Type="ZGW_VERIFY_PROCESS_SRV.ZCDSV_QALS_QAMVType" Multiplicity="1" Role="ToRole_assoc_595AC56C4D92896EEC9FD1B3E77D2412"/></Association>
			<EntityContainer Name="ZGW_VERIFY_PROCESS_SRV_Entities" m:IsDefaultEntityContainer="true" sap:message-scope-supported="true"
				sap:supported-formats="atom json xlsx"><EntitySet Name="ZCDSV_QALS_QAMV" EntityType="ZGW_VERIFY_PROCESS_SRV.ZCDSV_QALS_QAMVType" sap:creatable="false" sap:updatable="false"
				sap:deletable="false" sap:content-version="1"/><EntitySet Name="ZCDSV_QPAC_QPCD" EntityType="ZGW_VERIFY_PROCESS_SRV.ZCDSV_QPAC_QPCDType" sap:creatable="false" sap:updatable="false"
				sap:deletable="false" sap:content-version="1"/><EntitySet Name="zc_qm_verification" EntityType="ZGW_VERIFY_PROCESS_SRV.zc_qm_verificationType" sap:creatable="false" sap:updatable="false"
				sap:deletable="false" sap:content-version="1"/>
				<AssociationSet Name="assoc_595AC56C4D92896EEC9FD1B3E77D2412" Association="ZGW_VERIFY_PROCESS_SRV.assoc_595AC56C4D92896EEC9FD1B3E77D2412"
					sap:creatable="false" sap:updatable="false" sap:deletable="false" sap:content-version="1"><End EntitySet="zc_qm_verification" Role="FromRole_assoc_595AC56C4D92896EEC9FD1B3E77D2412"/><End EntitySet="ZCDSV_QALS_QAMV" Role="ToRole_assoc_595AC56C4D92896EEC9FD1B3E77D2412"/></AssociationSet>
			</EntityContainer>
			<Annotations xmlns="http://docs.oasis-open.org/odata/ns/edm" Target="ZGW_VERIFY_PROCESS_SRV.ZGW_VERIFY_PROCESS_SRV_Entities">
				<Annotation Term="Aggregation.ApplySupported">
					<Record>
						<PropertyValue Property="Transformations">
							<Collection>
								<String>aggregate</String>
								<String>groupby</String>
								<String>filter</String>
							</Collection>
						</PropertyValue><PropertyValue Property="Rollup" EnumMember="None"/></Record>
				</Annotation>
			</Annotations><atom:link xmlns:atom="http://www.w3.org/2005/Atom" rel="self" href="./sap/ZGW_VERIFY_PROCESS_SRV/$metadata"/><atom:link xmlns:atom="http://www.w3.org/2005/Atom" rel="latest-version" href="./sap/ZGW_VERIFY_PROCESS_SRV/$metadata"/></Schema>
	</edmx:DataServices>
</edmx:Edmx>